track_id,text_preview,full_text_analyzed,unnatural,natural,dominant_class,confidence
1,"В аквапарке реально охуенно, реально охуенно Ну реально правда охуенно В аквапарке горки, джакузи, в...","В аквапарке реально охуенно, реально охуенно Ну реально правда охуенно В аквапарке горки, джакузи, ванны и фонтан С детьми были там вчера. Разговариваю сам с собой Пуская слезу возле зеркала Очень хочу намутить себе Мерс Намутил пиздатую проститутку, а она упорота Анал использован Славой, ещё в ту пору Слил ей на куртку, размазал суши вокруг рта Колу обвафлила, сделала, сука, напасов семнадцать И наблевала Это химическая реакция организма у Аллы Забери свои потники , трогай эти Лакосты А то я въ",0.8199092745780945,0.18009069561958313,unnatural,0.8199092745780945
2,"Куча пенисов упирается мне в лицо Я не вижу где яйца, но лижу мошонку Его семя как сгущёнка Да похуй...","Куча пенисов упирается мне в лицо Я не вижу где яйца, но лижу мошонку Его семя как сгущёнка Да похуй Прыгай в моё лоно Пиздатое порно, рвутся гандоны Кожаные трулики и для пердака шарики Я как рэпер в трубах Говорят завязывай и пальчиком меня зазывает какой-то казах Мне нравится его похоть Но у него перхоть и пахнет от его паха плохо Но кстати хуй такой довольно плотный Тонко выщипав брови Парик сидит на мне клёво Ноги брить здорово Ты можешь попробовать это вместе со мной В моей ванной найдётся",0.5181788802146912,0.48182108998298645,unnatural,0.5181788802146912
3,"Вспоминаю случай с НЛО Возможно, чёрная дыра Галактика — прикольная штука Что-то живёт с нами рядом ...","Вспоминаю случай с НЛО Возможно, чёрная дыра Галактика — прикольная штука Что-то живёт с нами рядом Нормальные **** не доверяют Звёздные десанты мне не братья. Чужие нам нужны технологии, это никогда не закончится Стебусь над школьницами, это заводит Представляю чётко, чем всё это кончится Как моя ракетница входит в твоё депо Здесь только два варианта Откуда в жопе бриллианты? Красиво сосала дома при свечах Палёное шампанское, или вспомнил, как сижу в наручниках в карцере Чётко охуеваю, сколько ",0.42552199959754944,0.5744779706001282,natural,0.5744779706001282
4,"Не молчи больше так Только не—. Чтобы приготовить салат с вешенками Карпаччо и черри, добавь грибы Ж...","Не молчи больше так Только не—. Чтобы приготовить салат с вешенками Карпаччо и черри, добавь грибы Жарить в течение… в течение минуты Одинокий ДПСник — Мясник делает ланьет И помни, наша цель — не вспахать землю А доставить удовольствие вашей половинке Сделав ей не забываемый день Спустя какое-то время Слегка следует разнообразить движения Проводим широкой частью языка по половым губам Полностью накрыв их Делаем несколько таких движений И вновь возвращаемся к клитору Поигрываем с ним кончиком яз",0.9861629605293274,0.013837063685059547,unnatural,0.9861629605293274
5,"Выебут и даже не спросят Не прут колёса Не спорь с нами, иначе тебя выебут Тебя выебут тут Выебут и ...","Выебут и даже не спросят Не прут колёса Не спорь с нами, иначе тебя выебут Тебя выебут тут Выебут и даже не спросят Не прут колёса . У коровы есть вымя, не доёбывай меня Большой хуй у коня  У меня конечно поменьше Я ебал не много женщин Точнее шесть, не больше и не меньше Для нас ты шерсть, для них ты шершень Дыши глубже, джинсы заужены Хуёвенько поужинал  Ты пидераста хуже Нанюхайте меня уже В колонках Обойма Кажэ  Иногда разводятся жена с мужем Какую-то хуйню щас скушал Мне похуй, даже, если м",0.9747642874717712,0.02523576281964779,unnatural,0.9747642874717712
6,"Блёвбургер — это вам не гамбургер Вялый хер, опиумная прослойка из мудей Луговая тростинка, немного ...","Блёвбургер — это вам не гамбургер Вялый хер, опиумная прослойка из мудей Луговая тростинка, немного лука Мука и хуй моржа, за место кунжута — анаша Параша за место соуса, в замес идёт филе сома Патиссоны наструганы чётко У повара изящная чёлка Ведёт себя как тёлка Сыр просроченный, очень вкусно Кошачий ус, точечный массаж Семёновский пассаж, Volkswagen Passat Я поссал на грудь Степановой Двойная сплошная полоса, даже депутаты едят А в каноях дети спят Уж выпрыгивает из машины и отрыгивает мясо М",0.5214040875434875,0.47859588265419006,unnatural,0.5214040875434875
7,"Вот это фрукты, Иисус был круглым Я пеку курник, ты как Укупник, теребишь бульбик Не скуришь то, что...","Вот это фрукты, Иисус был круглым Я пеку курник, ты как Укупник, теребишь бульбик Не скуришь то, что скрутим Ведь ты пудель, похуй, ведь один хуй — Путин Хуй макаю в пудинг, утро будит полкой сути Помню твой игривый клитор — он приторный В сердце нарыв, с неба сыпятся нимбы Мы курим болиды, ты чешешь фолликулы Душа болит, давай бахнем по литру Мы так же долбим, не всё можно купить за доллары One love дворам и не кури перед иконами Nikon или Konika? Хэш или поника? Вид покойника, глотай — это не ",0.9800864458084106,0.019913580268621445,unnatural,0.9800864458084106
8,"А-а, вас интересуют истории про вампиров? Боги и демоны — братья, как день и ночь. Голова зашита в т...","А-а, вас интересуют истории про вампиров? Боги и демоны — братья, как день и ночь. Голова зашита в трёх местах Не успел посрать — уже доел мюсли Это просто пизда Хотя просто похожие вкусы Демоны уже заебали Рента с пенсионером — это схема чёрных риелторов Закопали в Реутове дедушку Уверен, перед смертью Наставляли пушку Слишком большой куш Его девушка слишком ушлая В колёсах ушла из клуба, шла через кладбище Остановилась вдруг Словно русалка прыгнула в пруд Ебал кошачий труп Как в хот-доге, соба",0.8514354825019836,0.14856448769569397,unnatural,0.8514354825019836
9,Целую тебя крепко киса моя Ты самая лучшая кошка у меня Самая добрая Самая норма Самая нежная Самая ...,Целую тебя крепко киса моя Ты самая лучшая кошка у меня Самая добрая Самая норма Самая нежная Самая нужная Иди же сюда ну же Ты круче осенней тучи Ближе тебя нету Слушай песню эту и зимой и летом И со мной и даже если меня рядом нету Хочу быть с тобой рядом где-то В области той пушистой мягкости Делая тебе гадости Пытаясь сделать радость Хотя все честно Твое внимание ко мне очень лестно Очень интересно смотреть как сидишь в кресле или там на диване Было здорово заниматься сексом с тобой в ванне ,0.634503185749054,0.36549678444862366,unnatural,0.634503185749054
10,"Привет, Питер, привет всем Группа Kunteynir зашлёт вам привет Но не в конверте, вся фишка. Каждый де...","Привет, Питер, привет всем Группа Kunteynir зашлёт вам привет Но не в конверте, вся фишка. Каждый день нас мучила проблема: Когда нас принимает опер с феном Парень слева, смотри, Лену увозят в отдел Я похудел, думал о ней и бледнел Белели облака, плакал, когда какал Мне позвонила Наталья и сказала: «Mal Da Udal заказал товар» (Отоварим, заковарим Отоварим, заковарим).  Омар с утра звонил, был грустным У Наташи очень узко, включаю музыку По телефону говорю шепча, голос сорван  «А у тебя как дела?",0.36593833565711975,0.6340616941452026,natural,0.6340616941452026
11,"Чё, всё? Поздно  Как прекрасно, школьные годы Школьные годы, мы их не забыли, а Школа. Мы не забыли ...","Чё, всё? Поздно  Как прекрасно, школьные годы Школьные годы, мы их не забыли, а Школа. Мы не забыли школьные годы: параллелепипеды Формулы, химию. Мы не забыли Россию Которая нас учила быть сильными Когда меня таблетку достать попросили, я изменился Всё забыл. Я план курил, продавал героин Стал зависим от мысли: «Что со мной будет дальше Если…» И стал жрать кислую вместе с теми Кто был соседями для меня в этой жизни Мозги зависли, солнце появилось, я вскрылся А, я вскрылся Спасибо. Ну, под конец",0.4564090371131897,0.5435909628868103,natural,0.5435909628868103
12,"Е, вот гусь, е, Пашок Е, гусь, е-е, голимый гусь, смотри, смотри, е. Усталый путник, что в твоей сум...","Е, вот гусь, е, Пашок Е, гусь, е-е, голимый гусь, смотри, смотри, е. Усталый путник, что в твоей сумке Косо смотрит сотрудник на дрожащие руки Ради палки или пары-пары рубликов Путают меня с барыгой, а я с тренировки прусь Е. Вот гуси В моей сумке мокрая форма, е, пару перчаток И па-па-пару бинтов там, е Вот гуси, вот гуси. Пашок, скажи начистоту, что там — под крышкой андеграунда? Ты помнишь, как мы читали? Я в насвае купаюсь А он купил путану с губами, заманил, так сказатьВ рулетку сыграем, но",0.9855097532272339,0.014490275643765926,unnatural,0.9855097532272339
13,"Зачем стоишь? Губа не дура Я кашляю Нас окружают каштаны, мне страшно Bad trip, кошмар, было сначала...","Зачем стоишь? Губа не дура Я кашляю Нас окружают каштаны, мне страшно Bad trip, кошмар, было сначала жарко Под кожу два куба черняги, глаза сужены Заранее купил острые ножи, тем же вечером в душ Как ниндзя, изящно сниму кожу Подкожный жир - это твои грехи - сбрось их Прыгни на турник В нэте анаболик заценил Меня зацепило Внутри не угасающий пыл В комнате пыльно От стабильности след... ...и убрала холсты С виду ты русская, метро Белорусское Касаюсь к тебе, притирюсь Слышал, ты поправляешься Кушае",0.8979429602622986,0.1020570918917656,unnatural,0.8979429602622986
14,"Летят годы, как ветер в горы Из песни слов не выкинешь Или ты щас, сука, со мной этот костыль вытяне...","Летят годы, как ветер в горы Из песни слов не выкинешь Или ты щас, сука, со мной этот костыль вытянешь Понял, малыш? Или ты кого то лупишь? А кто то в потёртой шинели долбит руку рядового Эх, их пивка б сейчас медового Но Задорнов с винила всякие шуточки исполняет Следующая строка Здесь духам один дед на спины кончает Его зовут сержант Печальный А я случайно наблюдал картину: Высокий забор и ничего не видно И стрельбище в видном Я помню те грибы после водного Как меня перло на волне А я сейчас н",0.9839767217636108,0.01602330431342125,unnatural,0.9839767217636108
15,"Привет всем, меня мал.... Привет всем, меня зовут Максим Синицын Вставляю палки в спицы Я никогда не...","Привет всем, меня мал.... Привет всем, меня зовут Максим Синицын Вставляю палки в спицы Я никогда не бывал на Ибице Но в принципе уже живу заебись Эта запись может окислиться Нынче продают хуевый лизер Эй, народ, становись в ряд! Митинговал возле памятника на октябрьской В этот вечер ноябрьский Хочу впервые в жизни с тусы этой слиться Как воздух проходит через двигатель в истребителе Любители родителей Фанаты приветствуют расизм в стиле Постели сам себе застелил Последний поезд Не успеваю на Фил",0.6852136850357056,0.3147863447666168,unnatural,0.6852136850357056
16,С мусорами разговариваю шёпотом Некий Урал достаёт из карманов что-то За шторой гусёк суёт девке гон...,"С мусорами разговариваю шёпотом Некий Урал достаёт из карманов что-то За шторой гусёк суёт девке гондон свой Я снова заснул с Олей, а проснулся с Колей В психушке за хуй пытались потрогать Твой батя на опеле утонет в озере Мы сейчас разнюхались - весь нос обморозило Некий достал гарсона кусок Здесь играет биток, но не слышно басок Косяк засох Уральский насвай сплёвывает Васёк. На кассете Некий Тут Кальмар ковыряется в заднем отсеке. Техник Паша - гомосек. Kunteynir, Некий - дым запускаю в отсеки",0.37360692024230957,0.6263930797576904,natural,0.6263930797576904
17,"Раз, раз, раз Идем в поход - набор растамана Ты берешь в рот, ты довольно удута Но все прикольно Пос...","Раз, раз, раз Идем в поход - набор растамана Ты берешь в рот, ты довольно удута Но все прикольно Поставил на тотал, снял Jack Pot Салончик ""Рай"" на Волжском бульваре Танцевал Нижний Брейк тогда На столе четвертый Kent Убил мента возле Седьмого Континента, потом отсидел Orbit без сахара, накурился Сальвией Я заебался лифак таскать, или твою пизду тискать Или сливка в сахаре Я, если честно, вахуе Стону в трубах Короче скажу грубо - пошла нахуй, дура Сука, все равно очень люблю твой.... Включи Blue",0.8568126559257507,0.14318734407424927,unnatural,0.8568126559257507
18,"Мс кальмар не пиздабол и пиздос всем ""Любимый!"" - кричит жена из комнаты ""Любимый!"" - кричит лесбиян...","Мс кальмар не пиздабол и пиздос всем ""Любимый!"" - кричит жена из комнаты ""Любимый!"" - кричит лесбиянка на вечеринке, нажравшись дорогой Текилой Максим Синицын пафосный Хочу хорошо одеваться Le Coq шортики Ты вроде съеживаешься Когда на холоде сосешься с этой телкой Дергаешься и как последний пидор съебываешь Спалился и не хочешь геморрой? Между первой и второй мы тут покурили, значит будет бомба Коллекционер гавайского порно Побрей меня Юля плотно По паспорту Кудрявцева, значит будет всё плотно ",0.5162347555160522,0.48376524448394775,unnatural,0.5162347555160522
19,"Э-э-этот бит как конфетка Я встал такой: «Епте, ребята, мы один хуй и так этот стафф покурим» В ахуе...","Э-э-этот бит как конфетка Я встал такой: «Епте, ребята, мы один хуй и так этот стафф покурим» В ахуе от того что сейчас происходило под Родные своих не кинут , снесли тот самый сервер. Двенадцать шагов до рая",0.5300971269607544,0.469902902841568,unnatural,0.5300971269607544
20,"А! Колбасило его, колбасило!. Пять лет. Пришёл момент Пришёл момент ответить всем Уважьте! У вас кус...","А! Колбасило его, колбасило!. Пять лет. Пришёл момент Пришёл момент ответить всем Уважьте! У вас куски как крошки Я пацан, я тебя хуёво знаю Я правый. От сердца к солнцу Кепка Стоун, тапки Lacoste, с нами бог А кто-то бьёт в лоб Привет Джорджу Майклу Держит баллон Монтану через майку И, кстати, привет маме, хэллоу Это Блёв, эврибади, зиги-зиги заги-заги Я косяк взрываю, догоняю порох через фольгу Три на три на кухне, или Ольга натрий Внутри тебя, братуха Привет МС Пять Плюх Круглый пакет тюхлый ",0.5857125520706177,0.4142874777317047,unnatural,0.5857125520706177
21,Внезапная смерть? Вспышка-а-а... Есть че? Я в халате выхожу из душа Ебала себя морковкой Я король! ....,"Внезапная смерть? Вспышка-а-а... Есть че? Я в халате выхожу из душа Ебала себя морковкой Я король! ... На ногах у меня бластер Не сыпь мне соль на рану, сушняк в натуре Стрелок с Кутузовской Кузьминский лох Бабушкинский сынок Лефортовский маньяк По щам я за-ме-тил что ты гу-у-ук! Но мое предание — руны Мы разные, так что не надо мне тут. Продырявился Хуёвый стафф эта голая параша Заебался мулаток ебать Максим Синицын a.k.a. Соловей Разбойник Ты покойник, как 2Pac Не будем вспоминать шалости Пров",0.9495046734809875,0.050495363771915436,unnatural,0.9495046734809875
22,"Ахуенно кого-нибудь убить Просто, взять, тупо в голову выстрелить И похуй, что за это могут посадить...","Ахуенно кого-нибудь убить Просто, взять, тупо в голову выстрелить И похуй, что за это могут посадить Просто похуй на все эти мысли Но мы всё равно будем стрелять Даже если будет сильно стремать И не из газового, блять И не пневматики. Это всё просто на грани фантастики Ты либо педераст для нас, либо просто дятел Или просто чей-то дядя Который просто поможет не глядя Присядь куда-нибудь и перестань кудахтать Злая собака будет всегда гавкать А рыба гнить с головой, мы молоды, а вы стары Вы стали к",0.9792006015777588,0.02079935185611248,unnatural,0.9792006015777588
23,«Смерть — это начало долгого и опасного путешествия…» «Смерть — это начало долгого и опасного путеше...,"«Смерть — это начало долгого и опасного путешествия…» «Смерть — это начало долгого и опасного путешествия. Путешествия, которое могло закончиться избавлением или уничтожением». Он в полусмерти, а ты в полусне Появилось желание отомстить? В зубах принесу подснежник У тебя задержка? Это мой наверняка По документам - чурка По факту - мулатка Целуй эти банки после качалки На бал... на Бауманскую... На балу устроила танцы Пиздой трясла у лица завуча Между песен была пауза Сняла трусы, изображала нуди",0.7339503765106201,0.2660496234893799,unnatural,0.7339503765106201
24,"Мимо Дмитровской, с собой только пару кусков Или в Лефортово пешком до Римской Вдоль школ, как раньш...","Мимо Дмитровской, с собой только пару кусков Или в Лефортово пешком до Римской Вдоль школ, как раньше, за Клинским в Дикси Или грузчик Вагив, при нем пластик индийский Уже похуй нам - легалки, или с Праги в дисках По любому тебя будет колбасить, кис Здрасьте снова, мисье или мисс Заебался без денег? Без дела сидишь тут Скоро сдохнешь так, друг. ""-...Ахуела блять ни с того ни с сего звонить мне говорить ""ты че охуел что ли"", че-то, че-то, бля."". Звонит на мою трубу, а я еще пока мельчу понику Пак",0.7555537223815918,0.2444462776184082,unnatural,0.7555537223815918
25,"А клевета играет сэты в чили Е, вот, сука, Ивлев, е. Когда ты садишься на стул, я вижу твою пизду Се...","А клевета играет сэты в чили Е, вот, сука, Ивлев, е. Когда ты садишься на стул, я вижу твою пизду Сейчас тебе немного лизну Ох, как будет приятно, вкус забытого детства на языке На жопе говна, баребухи, как гамбургеры Беру тебя за бедра У меня гандоны Барберри У тебя твердый, у меня вялый СП сгубило здоровье, но шлифую лизером Если есть ум у пацанов в телевизоре И на обрыве жизни писаю вниз на сатану Знаю, что и на небо не попаду Румын, вот, подошел ко мне со своей рифмовкой Заходим во Фреш, у г",0.9848924875259399,0.015107554383575916,unnatural,0.9848924875259399
26,"4:20, 4:20 Зову тебя ебаться Kunteynir представляет тему Kunteynir представляет медленного Kunteynir...","4:20, 4:20 Зову тебя ебаться Kunteynir представляет тему Kunteynir представляет медленного Kunteynir представляет едкого. Тихая Одесса, холодный вечер Проскуров хочет прилечь и раскура Кур-кур, дура, я уколол твоего друга Упругий пердак, на правой булке набиты петли, на левой ручка Открой дверь в чердак и допей мой какао сучка Как негр в чулках, на глянцевой обложке сверкает моя рожа Курю кальян, клубничку хуярю под пиво Креветочки, рачек, лобстеры и конечно же анчоусы Из трусов льется чесночный",0.5423194169998169,0.4576805531978607,unnatural,0.5423194169998169
27,"Храм снов, храм слов, храм прогонов Игроков, новых законов, принятых ещё вчера Когда я понял, что бо...","Храм снов, храм слов, храм прогонов Игроков, новых законов, принятых ещё вчера Когда я понял, что больше никогда тебя не увижу В этой пустой комнате, за прокуренной занавеской Твой силуэт сжимал кинжал, капал чьим-то вирусом Который поимел после места жительства В подвале многоэтажки Где на балконах сохнут рубашки, пойду завтра их спизжу Отнесу на рынок, поменяю на бабло Пойду в кино, стяну экран, поменяю на баблан, план, пан пропал Он продал себя за бабки для бабы Вокруг пабы дабы Такой это биз",0.9277569651603699,0.07224306464195251,unnatural,0.9277569651603699
28,". Прыгнула сходу на член, получила что хотела Изображала из себя, не верила, оказалось весело Дальше...",". Прыгнула сходу на член, получила что хотела Изображала из себя, не верила, оказалось весело Дальше отправился за кейкером На кухне Кальмар под клеем В руке пакет На куртке C.P. капли Имеет накрут Модный Гук на куртке Gant Среди своих он хулиган Не шутит, хули Шурин такому же гуку - кровные узы Спайсы, миксы, клофелин у твоей чиксы Аспирин, Эспумизан, Супрастин Таджичку четко промазал вазелином Гель Фенистил Максим Синицын кровать стелил А она в это время спиздила дорогое колье Тиффани Хотя до ",0.9855013489723206,0.014498625881969929,unnatural,0.9855013489723206
29,"Можно накатать о том, как наркота впирает В кайф или на крайняк, херово как на кумарах Кто врубается...","Можно накатать о том, как наркота впирает В кайф или на крайняк, херово как на кумарах Кто врубается под Арчи, по-любому в харе Поменяет погромче на крутяк-крутяк к трекам Также варик за реальный тазик рифмований Начеркать черта гоняет описание приправить Я пешком пускаюсь сам, но всем, кто на каре Красота фраз, к скоростям страсть Под стать Может на районе из-за траблы с мусорами Как отрабатываться и соскачивать нормальней Куда впурить за повалять, чье ляля вихляет Респектовали шо бы под пивко ",0.985198438167572,0.014801545068621635,unnatural,0.985198438167572
30,"Как мы близки с тобой Нам даже слов не надо Только спроси, взглядом спроси меня И вновь я, как тогда...","Как мы близки с тобой Нам даже слов не надо Только спроси, взглядом спроси меня И вновь я, как тогда, тебе отвечу взглядом Да, да, да, да Злобный Гитлер внутри Нам осталось только зигу кинуть В наши школьные дела проникнуть. Выпускница пиздует за пивом Выплюнь насвай, мудила В колпак забили спайс Хлопьями соль рассыпается Как её перхоть в волоса́х Пиздой пердит, не стесняется Надо бриться, девственница. Её мать даёт дагестанцам Пацыки в день ВДВ спорят с десантниками Возле фонтана двое в бандана",0.8282028436660767,0.17179714143276215,unnatural,0.8282028436660767
31,"Это ужас, закопай меня глубже Будет проще, закопай меня глубже Как так можно? Закопай меня глубже Мн...","Это ужас, закопай меня глубже Будет проще, закопай меня глубже Как так можно? Закопай меня глубже Мне похуй, закопай меня глубже Закопай меня глубже Мне похуй, закопай меня глубже. Ага, я. Семена, е, 2003, е Е-е, семена, а. 2003, глаза протри раствором натрия Натри аммиак на мозг свой пустой, вот так, постой Давай по сто грамм въебашим за жизнь нашу За новую лажу, тёмные пятна я закрашу вряд ли Ребята опрятные и приятные на вид Ух ты, этот бит канадский с прослойкой славянской Сделан искренне, и",0.9853236675262451,0.014676393009722233,unnatural,0.9853236675262451
32,"О чём говорим, о чём пишем Лысый, не тупи, доставай шиши Джунгли, мне похуй, мой дом родной Маугли Б...","О чём говорим, о чём пишем Лысый, не тупи, доставай шиши Джунгли, мне похуй, мой дом родной Маугли Багира, её подруга Ира Вторую ночь под порохом ебашит чипсы с сыром Я под дымом, с пивом, как всегда нахмурен дымом. Бродим, ходим, места не находим, нам до пизды Нюхаем ходим. До пизды то, кто чем болеет Кто чем вставляется, кто о чём жалеет Тёлка, мой сплиф, тёлка худеет. Меркнет экран, закрываются глаза Есть такая маза. Принцесса коза Не нажал на тормоза, проехал сразу У компа в офисе шмыгают но",0.719227135181427,0.2807728052139282,unnatural,0.719227135181427
33,"Раз-раз-раз, Ивлев здесь.... А, Максим Синицын с нами на вписке Кто принёс порошок, кто вымутил диск...","Раз-раз-раз, Ивлев здесь.... А, Максим Синицын с нами на вписке Кто принёс порошок, кто вымутил диски - Низкий поклон, откройте, это ОМОН стучит в двери Верь мне Мою мембрану примерь - будет в пору Она просит в рот, даёт в нору Священник, налей мне кагор Система нас душит Заказ на дом суши, гар сушит Ваши вялые туши бледные Kunteynir в ушах Давай сюда свои вены У Влада толстовочка VENUM Остерегайтесь загорелых шатенов Измены и чувства вины Бакенбарды из-под кепки видны Стон пьяной жены, глубины ",0.9154322147369385,0.0845678299665451,unnatural,0.9154322147369385
34,"Я Илья Глызин... Под дымом А! А! А!. Утром работа, трудная смена Вечером Саша отдаётся растениям Явл...","Я Илья Глызин... Под дымом А! А! А!. Утром работа, трудная смена Вечером Саша отдаётся растениям Являет собой олицетворение зла Тая обиду в сердце на ту, что не дала Текст содержит много глупости Необходимой тупости В конце обращения хочется прощения Всем иллюзорам, уродам, катализаторам террора Чёрному Серёже, участникам разговора Протянув открытые ладони предложу прокатится на пони В ЦПКИО имени Горького, надев голубое трико Миша Невростеник, ненормальный парень, уже давно под колпаком. АААааа",0.7163754105567932,0.2836245894432068,unnatural,0.7163754105567932
35,"Не, ну там вот эти, блин Строчки, блин, как то они. Где, кто, куда А я за Вайт па, па, па, па Замути...","Не, ну там вот эти, блин Строчки, блин, как то они. Где, кто, куда А я за Вайт па, па, па, па Замутил акцию, изнасиловал попа Василий слева на батуте У меня лакированные туфли По ТНТ стреляют немцы с парашюта Ааааа Где моя поника? Гидроусилитель моего ноутбука Выпил два RedBull Кадрил шлюху Официантка предложила дунуть прямо в туалете Батл, плюха, она меня разнюхала О, бля, грамотная штука Всего пол грамма въебал У меня хуй на неё не встал Он просто болтался Она сказала ему лошок. Квас освежает ",0.5902703404426575,0.4097296893596649,unnatural,0.5902703404426575
36,"Любви, добра Чтобы они любили своих близких Доставляли им только радость Чтобы беды обходили вас сто...","Любви, добра Чтобы они любили своих близких Доставляли им только радость Чтобы беды обходили вас стороной Ай, ай. Алё, алё, мне клёво Давно не смотрел порево Ты очень хуёво выглядишь сегодня. Ловлю тачку до Новокосино, водитель весел У меня весуля вот-вот-вот На улице гололёд Мы въебались, но тебя не ебёт, день мёртвый Просто задницы какие-то подъёбывали Эту вечеринку организовал Блёв Извини, кропаль прожег обивку Форестера Просто почаще звони на мобилку Мы купаемся в дачный сезон Тёлки звонят н",0.9849207997322083,0.01507920678704977,unnatural,0.9849207997322083
37,"Тут алкоголь после спорта блять. За дешовкой что? Что за ней стоит? Больше ничего, чудеса. Поцелуй K...","Тут алкоголь после спорта блять. За дешовкой что? Что за ней стоит? Больше ничего, чудеса. Поцелуй Kunteynir киска, стекает смазка с жопы вниз Замаскирован под французский эскиз Давно не видел набухший клитор, ерша литр Или открываю шампанское Crystal, ебашу в катализатор Это политический заговор, трое в лодке не считая собаки Забил на решение суда, езжу без прав, считаю навар Поссал на палату, полкило пришлось отдать чтобы не сглазили Я не алчный, просто ненавижу кокос разбодяженный Это Kunteyn",0.33881887793540955,0.6611810922622681,natural,0.6611810922622681
38, . Ясен красный Я опасный чел В ту пятницу замутил белый Впарил чуханам мел Которые хотели сначала з...," . Ясен красный Я опасный чел В ту пятницу замутил белый Впарил чуханам мел Которые хотели сначала замутить план Я наглый малый, а ты мудак Я торгую дурью, а ты чудак Не могу никак план с гашем разбодяжить Надо надавить на массу, а потом пожрать Чтоб показывать лохам муай-тай Чистый фристайл Ты меня напонил не бери А лучше Блёва накури Он с тоски помирает Его работа парит Щас жара Мы на трассе Просит помощи у квазилистов всяких Там хачья Васьков на мазах Казаков на маздах Они ему суки колодки пр",0.984891414642334,0.01510858815163374,unnatural,0.984891414642334
39,"В трусах гашиш, если доедешь – пиши Если нет гриндера, то помельчи анаши Если нет гриндера, то помел...","В трусах гашиш, если доедешь – пиши Если нет гриндера, то помельчи анаши Если нет гриндера, то помельчи анаши. Пиздатые на тачке ковши Салон свиной кожей обшит Нам по хуй, кто ты Хоть Букин, хоть из «Касты» Шым Я делаю в тренажёрке жим - Лёжа А в это время меня страхует - Лёша Отведай леща лучше Или твоя мама по ебалу получит От случая к случаю Кто здесь лучший?  Я не ебу в душе, но овены хуже траншеи Татуировка на шее Эрекционное кольцо на члене К Лене клеится какой-то чеченец Я летом часто пот",0.7463955283164978,0.2536044120788574,unnatural,0.7463955283164978
40,"Эта песенка короткая, как жизнь Эта песенка короткая, как жизнь. Как подвернутые джинсы, чувак, не с...","Эта песенка короткая, как жизнь Эта песенка короткая, как жизнь. Как подвернутые джинсы, чувак, не ссы, это жизнь Песенка короткая, как жизнь, но надо вперед идти Как ни крути, чувак, держись. Песенка, короткая, как жизнь Все, вроде, знают как наебать её, кажись Или мне просто иногда это кажется Не каждая девушка сразу сосать отважится Яичница из одного яйца Или как поймали с поличным твоего отца Нет наличных, пацан В метро через куртку сам себя помацал Это тоже самое, что учить слепого ебаться ",0.4567476511001587,0.5432523488998413,natural,0.5432523488998413
41,"""Кисловодск, Кисловодск За тебя поднимем тост Веселись и радуйся всегда Ты ведь город маленький и ду...","""Кисловодск, Кисловодск За тебя поднимем тост Веселись и радуйся всегда Ты ведь город маленький и душою прост И корнями этими в свою ты землю врос"". Жанна обожаема и желанна Я даже убрался, в пизду такие желания Но я все равно буду мутить В комнате пахнет потом Ты залип в телефон HTC Пахнет потом подмышка Это как прошивку обновить Обнови? - это слово Дени ДеВито, держу пари Рядом со мной парниша Это Марокканский гашиш Мои друзья одновременно пернули в хуи Bad trip в Сомали Нас окружили пираты Мы",0.9418041110038757,0.05819587782025337,unnatural,0.9418041110038757
42,"Йоу, MTV. Чем я хуже лошади, курю на Красной Площади Тощий, как береза в роще, варю щи Сейчас в дрищ...","Йоу, MTV. Чем я хуже лошади, курю на Красной Площади Тощий, как береза в роще, варю щи Сейчас в дрищи, ищу пищу Пищи как мышка, кури шишку Сейчас фишка в читке Хочу любой пытки с первой попытки Поссу мочой жидкой Как картофельной плитки, плитку Под липкой струёй липкой, липкой. Как, кури, кури, кури, кури Как, как, кури, кури, кури Как, как, кури, кури, кури, кури  Кури, кури, кури Как, как, кури, кури, кури, кури Как, как, кури, кури, кури. Всю рэп-эстраду русскую Как красавицу, па, поп узкую Д",0.788318395614624,0.21168163418769836,unnatural,0.788318395614624
43,": Меняю CP на Коран, меняю CP на Коран По новой сх...По новой схеме, йоу. Мама, можешь приготовить м...",": Меняю CP на Коран, меняю CP на Коран По новой сх...По новой схеме, йоу. Мама, можешь приготовить мне котлет? Я приглашу тебя на свой концерт Фыжику рубля не хватает на бобышку Гонит хмурый в подмышку Курит с мокрого шишки Кальмар фолловит майк мне в рот Меня радует Я по жизни мужик в пилотке Могу наложить в штаны Сигареты с фильтром поменяю на жизнь Охранник, скажи, где гаражи Надоело вокруг дома кружить Друзья говорят:"" Принцип, держись, ты сможешь"" Будто я привычек заложник Шиза Плюньте мне ",0.5945807695388794,0.405419260263443,unnatural,0.5945807695388794
44,"Риза, спаси нас, в хуй приложи нос Она берет глубоко, чуть не подавилась Но ей понравилось, повторим...","Риза, спаси нас, в хуй приложи нос Она берет глубоко, чуть не подавилась Но ей понравилось, повторим как-нибудь Пашин новый альбом, там я тебя ебу Расскажи мне, петушок, за панчлайны Ты ел мое говно, просил оставить в тайне Я снял это на видео, оставил в Vine Шесть секунд ролик , где ты кушаешь в ванной И это точно неправильно, в тебя вставили хуй А меня от гречки вставило Что же скажет твой папа? - ""Сынок, уебывай нахуй"" Помню ты дрочил на фото сестры Тебя Риза не спас, Риза - пидор, увы Скоро ",0.32756978273391724,0.672430157661438,natural,0.672430157661438
45,"Ты знаешь, что такое правда? Тебе это понять надо Надо думать самому Если стадо хочет дунуть Можно у...","Ты знаешь, что такое правда? Тебе это понять надо Надо думать самому Если стадо хочет дунуть Можно утаить в себе А можно показать всем Эти кучи схем Но главное не сгущать тучки Этот мир ебучий Дает подышать нам случай Слушай меня внимательно Одевайся теплее А то мои мозги не склеить Но всегда можно верить в бога Знаю, что жить убого Ждать чего-то как гонга Эта гонка на выживание Показывает внутренности Ломая кости Люди умирают Люди проживают Люди заходят в гости После осени 98 Если меня спросят ",0.5699706673622131,0.4300293028354645,unnatural,0.5699706673622131
46,"Встать! Суд идёт. Подсудимый — Блёв Вам приговор 15 лет режима строгого Бля, помню отогнули ворота у...","Встать! Суд идёт. Подсудимый — Блёв Вам приговор 15 лет режима строгого Бля, помню отогнули ворота угольником Разбили стекло, залезли, занюхал на подоконнике Джонни Гидропоник показал мне плюху Наверное, плюнул и сказал: «Вы в доле» Дунул, помню прихватило туго, в груди Трудно дышать, но ты погоди, а он ведь Продолжает пиздеть, рядом дети ходят У меня в руках фомка Которой потом мы отогнули ворота угольником Вошли в комнату, потише, нас могут заметить, услышать Ещё белого, ещё тише стало в ушах ",0.8779803514480591,0.12201960384845734,unnatural,0.8779803514480591
47,Последний раз луна Не выходи в подъезд Лефортовский маньяк встал поесть С утра у меня встал в постел...,"Последний раз луна Не выходи в подъезд Лефортовский маньяк встал поесть С утра у меня встал в постели А за окном оттепель Листья полетели 2c-b на тумбочке рассыпали Его прикид сытный - очки и рыжие усы В общем ты не ссы если встретишься с ним в лифте или в лесу И первое действие я тебе расскажу Он спросит: парень, хочешь через парашют вдарим Ты с нами не дури Он наш друг В ресторане ""Попурри"" в жопу подолби вилку Или виски пролей ему или на официантку Под его пальто не видно галстука Тамара стук",0.5556482672691345,0.4443517327308655,unnatural,0.5556482672691345
48,Хочешь быть сильным? Хочешь быть сильным?. Штатов Соединённых Нас почти обспермлённых Надо прихватыв...,"Хочешь быть сильным? Хочешь быть сильным?. Штатов Соединённых Нас почти обспермлённых Надо прихватывать, не хватает Плюс есть варик, что выебут Если, что помогу быть сильным Других людей златым базаром насиловал Целовал пизду пассивную, уже в годах дама Мою шляпу массировала. Масса плюс сила Да, я вялый. За ""Шинник"" такой гонял Сейчас - тренируюсь, рядом спортзал. А я ебу что ли, что у меня за перчатки Не хотела дать, но возможно могла бы Это не то чтобы Маклауд, думаете, я даун? Да ну вас нахуй",0.9528293013572693,0.047170691192150116,unnatural,0.9528293013572693
49,"Отъебитесь от меня в метро, молча входите в вагоны На мне погоны, на вечерний рейс бронь Залез к теб...","Отъебитесь от меня в метро, молча входите в вагоны На мне погоны, на вечерний рейс бронь Залез к тебе в сумку в торговом Все было трогательно Слышь, не парься, я здоров В тамбуре какой-то мордоворот На меня пялятся Как же заебали, мне приходится валить на Ялту Заебали ваши ягуды Хочу позагорать Знакомлюсь с татарками Свежим воздухом подышать У них кокаин, у меня анаша За суету душа Че-то решил набрать Интигаму Как дела, братка? Хорошо, ну тогда давай пока Ну как там Иваново? Бывали в тех краях В",0.5735504031181335,0.42644962668418884,unnatural,0.5735504031181335
50,"В обуви PUMA, что-то задумал, вынул, дунул Потом меня поправил и впарил Тех тоже вставило с наполови...","В обуви PUMA, что-то задумал, вынул, дунул Потом меня поправил и впарил Тех тоже вставило с наполовину палевного плова Но мы сказали: «Клёво, шинанай на опа, опа шинанай» Йоу Нам уже в правило ламерам впаривать Сплавлять за пять — почти что даром — курево Вот так вот встретил осень, 1-5-8, полоса Просто, без пафоса; коси, коса, Россия Москва; Москва, Россия, запросто Ещё бывают дни обычные, мрачные, вечные Скучные, ещё, блядь, тучи Но, впрочем, мы их лечим, они нам незачем Известно чем, хотя быв",0.9814373254776001,0.018562711775302887,unnatural,0.9814373254776001
51,"Друзья, а чё ебальники у всех грустные? Доброе утро, блять. Сегодня прекрасный день. Ушла эпоха, ушё...","Друзья, а чё ебальники у всех грустные? Доброе утро, блять. Сегодня прекрасный день. Ушла эпоха, ушёл человек, ушёл отец Мужики не плачут, что за пиздец? Они рыдают как и все, когда теряют близких Жизнь друга оборвалась — это конец Ни разу не осознал, волна накрывает Жизнь идёт, его больше нет Не поверил сразу, говорю: «нет» Потом осознал весь кошмарный сюжет На сердце боль, взгляд никуда не смотрит Я овощ приготовленный в борщ С ним ушла эпоха, и он в ней Аладдин Делал андер мощно, был неповтор",0.7137563824653625,0.28624364733695984,unnatural,0.7137563824653625
52," поднимите ваши руки  поднимите ваши руки  поднимите ваши руки  делай зарядку утром Е, делай зарядку..."," поднимите ваши руки  поднимите ваши руки  поднимите ваши руки  делай зарядку утром Е, делай зарядку утром . Ниггер number one бегло прочитает в треке Вредные для мозга бредни У любителей Тупака аллергия на это Пей аспирин и таблетки, стреляй метко В вену, пена в ней течёт медленно Вещества кончаются быстро Тупые существа и организмы, ищут смыслы Рыскают, бьют лысых, передают респекты и peace Издают визги перед кумирами Придумали хип-хоп по алгоритму пидоры У нас всё просто без напряжения мозга ",0.5224255919456482,0.4775743782520294,unnatural,0.5224255919456482
53,"Побудь со мной Побудь со мной. На меня напала грусть, но я за Русь И слушаю Гуфа Гуталином натёр туф...","Побудь со мной Побудь со мной. На меня напала грусть, но я за Русь И слушаю Гуфа Гуталином натёр туфли, потом к тебе иду В ларьке покупаю букет двадцать белых роз Ты прекрасна, спору нет Делаешь мне минет Зайдя в туалет, я разнюхался ту-си-би Выйдешь за меня и я заберу тебя в Сибирь Ну а пока мы просто посидим тет-а-тет до седины Гуся с яблоками съедим Синий дым, бальные танцы Я ж взрослый пацык Выпив водочки, ты пошла ебаться Для начала разогрею твою пилотку пальцем Это уже не ясли Она в камело",0.46721580624580383,0.5327841639518738,natural,0.5327841639518738
54,"Я первый читаю, а, йа-йа-йоу, да-да Йау, подними текст, yes, место, йоу, а. Сколько дыма влезет в мо...","Я первый читаю, а, йа-йа-йоу, да-да Йау, подними текст, yes, место, йоу, а. Сколько дыма влезет в мои лёгкие Жить легко по своей воле, мне не больно Коли е– место под солнцем, то и есть– Полный ноль, я останусь молодой с пацанами в доле Мы переплывём море с горя без плана Плотный дым марихуаны, мне уже нормально, мама Мама, я в хлам без бухла, мне не тухло Пламя косяка потухло, ухо слышит плавный бит Главный хит сегодняшнего дня От меня к вам, читай по буквам Kunteynir опять в хлам, сосать, вмес",0.9577139616012573,0.04228604957461357,unnatural,0.9577139616012573
55,"В моей крови гидрохлор, захлопнул дверь в другую реальность Твой анус сползает с болта, подругу взбо...","В моей крови гидрохлор, захлопнул дверь в другую реальность Твой анус сползает с болта, подругу взболтали У Жеки насморк, у Жеки потекло с гениталий Китайский секс-шоп, у Тедди на жопе шов — я поражён Порошок убивает Максима, ордой совокупляемся с женщиной из резины, her name is Зина Костя заразился трипачком, хуй замотан в тряпочку, не очкуй Дам фору любому качку Пачка пасок — smoke is my father, за пазухой Маузер и немного смазки Твой рот замазан кончой, ставлю тебе зачёт, зачётная книжка пуст",0.9079931974411011,0.09200672060251236,unnatural,0.9079931974411011
56,"MAYOT хотел ей вдуть, оу MAYOT хотел ей вдуть, оу. Кальмар — пупсик, Синицын тусит, Техник курит Воз...","MAYOT хотел ей вдуть, оу MAYOT хотел ей вдуть, оу. Кальмар — пупсик, Синицын тусит, Техник курит Возврат Kunteynir все ждут Как летом хорошую температуру Хуй встает как столбик ртути Любим такую погоду сучки Говорю сходу по сути Среди долбоёбов есть люди. Если ты в теме то нам по пути  Говорю сам себе по сути  Паутину набил, уверен все будет хорошо Желаю вам добрый путь и порошок  У моей девочки не очень красивая грудь  Тем не менее . MAYOT хотел ей вдуть, оу  MAYOT хотел ей вдуть, оу . Наливаю ",0.41416653990745544,0.5858334898948669,natural,0.5858334898948669
57,"«Мерс» папин, жопа мамина Нобригайбига ибригайбига Ты хач ебаный, Яникс Ты пидорас Акебегбрайк зубер...","«Мерс» папин, жопа мамина Нобригайбига ибригайбига Ты хач ебаный, Яникс Ты пидорас Акебегбрайк зуберайк эбрегай Мои папа с мамой платят за твою жопу Яникс ты мудак как хуй обезьяны Но я обезьяна, а ты, Яникс, просто ёбаная тварь «Лекс» папин, жопа мамина Я Яникс, меня трахали обезьяны «Лекс» папин, мама трахалась Ай-ай-ай-ай-ай-ай-ай!. Слил бабки — «айфон» пятый Одни и те же слова Но я ебал тебя и я слова Слова мелодии и слава России А ты, Яникс, пидорас и ты хуй мой соси Poppin. Мама жапина Пап",0.6202139854431152,0.37978601455688477,unnatural,0.6202139854431152
58," Ротишь? Ротишь? Ротишь? Ротишь?. Досчитай до десяти, а лучше, до 14 Много лучше не пизди — можешь н..."," Ротишь? Ротишь? Ротишь? Ротишь?. Досчитай до десяти, а лучше, до 14 Много лучше не пизди — можешь не вывезти И не выбраться Заебали по телеку новости Из будущего гости В крышке гроба не хватает только твоего гвоздика Упала у кого-то гвоздика А ты стой молча и много лучше не пизди Мне снова звонит мудила Дима ""Привет, брат, как дела?"" У геев в половом акте сплетены тела Хуёвая тема. Что-то твоя жопа вспотела, потом лысина Много лучше не пизди, иначе на тебя написают Художники на Арбате хуйню за ",0.9576457142829895,0.04235430806875229,unnatural,0.9576457142829895
59,"История, короче, длинная История, короче, длинная. Хочу поделиться одной историей из медицины Закрыв...","История, короче, длинная История, короче, длинная. Хочу поделиться одной историей из медицины Закрывал больничный. Они такие мне, типа ""Стой в очереди! Мы по талонам."" Да я за картой к урологу! Хвораю, но лечусь понемногу В коридоре бабки сидят Чего - то гутарят До спинного аж долетает в итоге В итоге проебываю тут время Друган в тачке спит, второй в холле Захожу в кабинет, хули Мне с ходу - ""Куртку сними!"" Потом - ""Вы, типа, не туда пришли Идите сначала на 3-й"" В лаборатории накурено Ответьте, ",0.8482842445373535,0.1517157405614853,unnatural,0.8482842445373535
60,"Зато появились бродячие музыканты. Андрей сделал маленьких плюшек мне Я читаю, я лежу на пляжу Рядом...","Зато появились бродячие музыканты. Андрей сделал маленьких плюшек мне Я читаю, я лежу на пляжу Рядом дон Корлеоне, педик, карлан А также Виталий Бахрутдинов и два брата-близнеца, то бишь сёстры Зайцевы Два голубца из одного яйца Школьные годы были так давны Запах войны трогал пипиську Фомы Не звони, хуйло, алло, это Блёв на газели А вот уже кошка в чехле чихнёт первым Рельефная пиздень увлажена языком со всех сторон Литр как гидра на бумажке Жопу шевелит Дашка Пашок пошёл за гандонами Мажор, вид",0.7633011341094971,0.23669883608818054,unnatural,0.7633011341094971
61,"Буду, буду хулиганом, даже когда старым стану Не, не, не, не думай, не устану А хулиганом буду даже ...","Буду, буду хулиганом, даже когда старым стану Не, не, не, не думай, не устану А хулиганом буду даже старым А хулиганом буду даже старым-м-м. Я не думал даже, что сегодня вмажусь Что опять обсажен. Улица - ВРК Что эти улицы будут мое здоровье красть Стоит только подумать И тута сАма так падает масть - козырный туз Бухой на помощь к братве несусь Это драма, да Это улицы, бля Никаких понтов, да Только братва, да Только свои, да Никаких ментов, а время течет От местных мочой так и прямо несет Хуй зн",0.9839529395103455,0.016047077253460884,unnatural,0.9839529395103455
62,Вчера после бокса нокдаун блять! Вчера после бокса нокдаун блять!. Паримся по порожнякам А малолетки...,"Вчера после бокса нокдаун блять! Вчера после бокса нокдаун блять!. Паримся по порожнякам А малолетки кидаются на хуй, как собаки С нами ложатся самки Их петухи лажают на дачах Остался последний шанс Вдруг начинается драка Да вроде ни че так Послушай друган, а где можно замутить сканк по дешовке? И не бодяженный даже шо бы Тут вторую неделю у вас беру Толкают, как шорты на рынке в Камеруне Или в Махачкале Thor Steinar Если про Москву в вкратце - Все попсово. И не советую тебе, мальчик Одеться по ",0.9820147752761841,0.017985261976718903,unnatural,0.9820147752761841
63,"Моё... Прогружение в немыслимом воображении Заряд мысли вокруг движения Прогружение сознания, вскоре...","Моё... Прогружение в немыслимом воображении Заряд мысли вокруг движения Прогружение сознания, вскоре экзамен В пятиэтажном здании завуч скидывает кокс бодяженный Под знаменем учителя, и это важно Во рту влажно. Помойся, покури ганжу На пляжу я лежу, вижу лужу - в ней играет жужа Рядом дом Дона Корлеоне Я помнил, как поджёг клён, Ступин вынес приговор Сука, гандон, стою в клетке, как рыба в сетке Вокруг продажные марионетки В кармане монетка, зову охрану, хочу таблетку-у-у Глотаю, водой запиваю, ",0.9850984811782837,0.014901497401297092,unnatural,0.9850984811782837
64,"Выйду в поле, сяду срать Далеко меня видать Пиской трясёт Пиской трясёт. Первое сентября Первые пизд...","Выйду в поле, сяду срать Далеко меня видать Пиской трясёт Пиской трясёт. Первое сентября Первые пиздюля, ты получал их в тестелях от старшеклассника Кудесника меча, копия у меня копья из Италии Мы туда летали, правда Её обратно гнали, правда Травма яиц их и их утрата Рано с утра на линейку Михалыч дал попробовать травку Я начал пробивать шишки и трахать Галишу У Галины Ивановны пиздатые сиськи Пиздатый кокаин как вес мясистый Сухарь трясёт в Лефортово своей пиской. Это всего лишь одна дорога быс",0.4476204812526703,0.5523795485496521,natural,0.5523795485496521
65,"Йоу. Тяжёлый джанк, противовес марихуане Отвратительно Делаю бабки, живу как собака По кнопкам долбл...","Йоу. Тяжёлый джанк, противовес марихуане Отвратительно Делаю бабки, живу как собака По кнопкам долблю, высокая ставка Автомат заполнен, аж до предела Я не пропаду, азартное дело. Гнать, крутить, вешать фуфло, мотню Рассказывать, убеждать, говорить ерунду Пьяный дрых, отключившийся, на скамейке, в метро Дурь, ганжа зелёная План, пыль, пыльца, шала Шмаль, шиша, шишки, хаха Hash, lash Каннабис и опиум Курить траву и опиум Лютая посадка Кокаин, юкодол, метадон. Приход Первые ощущения проявления дейс",0.6206917762756348,0.3793082535266876,unnatural,0.6206917762756348
66,"Ну да. Ну выебал вермут, блядь, ну чё. Барбекю под носом, сука, вино пролив себе на трусы, в лесу пр...","Ну да. Ну выебал вермут, блядь, ну чё. Барбекю под носом, сука, вино пролив себе на трусы, в лесу прошлись Порой не успеваю за мыслями Достаточно быть избранным Зачем лизала киску у подруги? Потру с тобой по утру Познакомились в ГУМе Губа не дура Слышь, подруга? Наш круг сузился Увидел тебя из за угла — изумительно блядовала тогда Извините дауна Черепашьи бега, не успеваем друг за другом Решил заняться баней: купил уголь Горите в аду, суки Не смотрите на него, что он хипстер, всё равно обоссу Ра",0.4320494830608368,0.5679504871368408,natural,0.5679504871368408
67,"Ем малину, трахаю Полину Сочиняю, блин, былину про поход в Чуйскую долину Слышу стоны. Антон, встрет...","Ем малину, трахаю Полину Сочиняю, блин, былину про поход в Чуйскую долину Слышу стоны. Антон, встретимся на том свете Спасибо, что заразила. Oh fuck, розовый лифак Я часто вспоминаю, сифак — ещё чаще И реже — как пердолил её между ног в Продольное отверстие весь вечер С шести часов против шерсти Мне льстит на пальце перстень Из уст льётся песня ясного сокола Смотрю в оба, око за око Уже намокла около края Верина перина Дайте мне озверина, я трахну Сида Спирина Он красивый пидорас Мой матрас воня",0.7420238852500916,0.2579761743545532,unnatural,0.7420238852500916
68,"Во, во, во, во , моя Пока ты не уйдешь к другому Я ебу вас тёлки грубо  Ху-у-у-у, у-у-у-у У-у-у-у-а-...","Во, во, во, во , моя Пока ты не уйдешь к другому Я ебу вас тёлки грубо  Ху-у-у-у, у-у-у-у У-у-у-у-а-а-а-а А-а-а-а-а-а-а. Эдвард руки-ножницы-бумага Он режет всё здесь по кругу Я отриживаю яму яйца Выруч самый сёртный парень на деревне",0.9583091735839844,0.041690800338983536,unnatural,0.9583091735839844
69,"Эх, было всякое: зяки-зяки, шампанское Зяки-зяки, шампанское Лоховская жила и жила пацанская  Мультф...","Эх, было всякое: зяки-зяки, шампанское Зяки-зяки, шампанское Лоховская жила и жила пацанская  Мультфильм Миядзаки под заном Когда ебанули заморозки — я стоял на твоих похоронах под кайфом  Были молоды, голодные, как пёзды монахинь Вот мне уже и сорок, браток, из лаврушки венок погребальный, борщ  На старом демо у тебя голос ещё не проебавшего в себе человека Жуки — Батарейка , самые разные паштеты, а всё же — живём помаленьку: Курим гашиш, дрочим на тайский клон Иришки Чики-Пики На трупе обручал",0.6061840057373047,0.3938159644603729,unnatural,0.6061840057373047
70,"Принимай газку из моей жопы, show must go on  На пенисе смазка от Contex  Накурился и в космос, подр...","Принимай газку из моей жопы, show must go on  На пенисе смазка от Contex  Накурился и в космос, подруга держим связь Люблю уёбков связывать, люблю когда обзывают  Куколд вышел из кухни Ты делаешь куни, все люди в курсе  Я выкупаю, что ты на тусе  На бедрах трусы  Анусы как ведра, нанюхались и нам бодро Колготки капроновые, втроём друг друга потрогали Мне хуёво. Короче, после того как тебя разъебали И ты ощущаешь себя разъёбанным  Просто возьми relax, послушай музыку Нормально откинься Нормально ",0.4332963824272156,0.5667036175727844,natural,0.5667036175727844
71,Е... Это поющие гитары LuckyProduction. Иногда случаются трудности И я звоню тогда Трутню По трубе п...,"Е... Это поющие гитары LuckyProduction. Иногда случаются трудности И я звоню тогда Трутню По трубе пиздим и мне уютно  Несу хуйню, несут — я нюхаю  Играем в карты, раньше в нарды Вспоминаю кадры, мужики с усами Тогда еще не знали меня Ссать на них, с нами Фарид  И он наш фаворит. Это поющие гитары Эти поющие гитары . Пока мы ехали, Фарид открыл в машине форточку А этот как будто кончил в очко И отчим зашёл, сказать было нечего Как же жизнь бывает изменчива Трава, табак измельчены Гуки трахнули в",0.9782836437225342,0.021716395393013954,unnatural,0.9782836437225342
72,Это РРРРРРРРРРРРРРР.О. ! УУУУУУУУУУ ! Я помню мы были в Сомали Потом они его.. Трахнули Илью и Юлию ...,"Это РРРРРРРРРРРРРРР.О. ! УУУУУУУУУУ ! Я помню мы были в Сомали Потом они его.. Трахнули Илью и Юлию Июль месяц жара, я месячные люблю Когда шансы стать папой равны нулю Шансон ставлю и песни пою Водочку пью, салатик Картофан с укропчиком Бородинский свежий с маслом намазал Копчиком чувствую неприятности Кто-то снял с меня трулики И хули? Член хулигана Динамо Как раскалённые угли А я ваще за чёлки Или за Челси Незнаю.. А я вообще Неправда льётся на поверхность Неправильно ты одела лосины Поверх п",0.9586849212646484,0.04131503775715828,unnatural,0.9586849212646484
73,"Я буду Курнём гарсона, сука. , бедный мальчик с кистой Заразился пиздой и очень падок на диски Мы на...","Я буду Курнём гарсона, сука. , бедный мальчик с кистой Заразился пиздой и очень падок на диски Мы на хате зависли с метисками, 0:00 на часах Другой день, другие дела Она увидела меня голым под белым, сказала, дала мне Я в нарядном кафтане плясал перед ней Бледнею, скурил последнюю Вышел на с Сергеем, он угостил ещё, присели Вокруг ели Паша зовёт к себе среди них, совсем голый Сказал прибуду Жди меня, я буду. Молдавский модник разувается в преисподней, носки потные В Киеве продали микро, Рэм Дигг",0.9605550765991211,0.039444904774427414,unnatural,0.9605550765991211
74,"Я чувствую, мне это нравится В моих руках твоя задница, мне это нравится Какая разница сколько щас в...","Я чувствую, мне это нравится В моих руках твоя задница, мне это нравится Какая разница сколько щас времени? Мне это нравится, когда мы в этом положении. Йоу Запах накуренных подъездов С детства нам осталось здесь место Занятие сексом, пьяный в говно лёжа в кресле Давно не лез послушать это, если уже есть песня Говно и месят лет 10, но отсосы уже не бесят Интересно, сколько в рот им влезет Сколько спермы слезет вместе с макияжом Ебя их на пляже лёжа друг друга мажут Что скажут не важно Деньги рав",0.5632741451263428,0.4367258548736572,unnatural,0.5632741451263428
75,"Подать надежды Пусть все будет как прежде Бог устал любить меня. Сказал мне: "", да в пизду!"" Я увлек...","Подать надежды Пусть все будет как прежде Бог устал любить меня. Сказал мне: "", да в пизду!"" Я увлекаюсь первым, поэтому не хорошо себя чувствую. Любил тебя безответно Не резал вены Напрасно встал, взял ключи Поехал, поменял масло Наколол тату на эту и на ту! Ты отсосала мне на бордюре на Кузнецком мосту А твой кузен ебет тебя попусту Прайс на Grinders Ты в соку И с каждым годом я росту Шутки ради отрастил усы На ногах твои укусы и на жопе засосы А я жду новой тусы, чтоб  Как на минуте славы Зае",0.43107008934020996,0.5689299702644348,natural,0.5689299702644348
76,"Йоу! Кара, кара-кара-коронавирус, нахуй иди Эй, коронавирус, нахуй иди. Коронавирус, нахуй иди Мы вы...","Йоу! Кара, кара-кара-коронавирус, нахуй иди Эй, коронавирус, нахуй иди. Коронавирус, нахуй иди Мы вышли из дыма, Дима одел мокасины  Коронавирус, нахуй иди  Guf, Guf говорит: ""Не пизди"" Коронавирус, нахуй иди  С нами Дима, который нюхает кокаин  Дали пизды тебе и твоему дяде Коронавирус, нахуй иди  Немного дыма, я повторяю Коронавирус, нахуй иди  С нами Guf, с нами Slim  Коронавирус, нахуй иди  Градусник отними и пососи Я нюхаю, я нюхаю с твоею блядью. Мы дома сидим , ёбаный карантин  Планету за",0.95717453956604,0.04282539710402489,unnatural,0.95717453956604
77,"Здравствуй, мама Плохо ем, мало Витя заебал меня покупать баяны Пакаваны менять на грибы Мы были бы ...","Здравствуй, мама Плохо ем, мало Витя заебал меня покупать баяны Пакаваны менять на грибы Мы были бы сейчас в хлам. Блëв МС сейчас клал хуй вам всем в рот Записали альбом, пока прëт Мама, прости, что сувал сметану в рот Записали альбом, пока... Я словесный урод, дрозд лох, пидормот Но я решаю, мне они.. Они олухи, хаха Играли в хоккей с сухарём и пегменем Вместе в подъезде ведь дышали клеем Белели, с Гномом и Елисеем Адька, ус! Я подсел на белый, дети взрослели медленно В девятом классе уже ебутс",0.9576912522315979,0.04230882227420807,unnatural,0.9576912522315979
78,"Strong and you taked Ёлки-палки, ёлки-палки. Она мечтала быть с ним, она мечтала о нем Не важно под ...","Strong and you taked Ёлки-палки, ёлки-палки. Она мечтала быть с ним, она мечтала о нем Не важно под палящем солнцем или дождем  Будут гулять они Она верила в чудо, у них любовь нагрянула из ниоткуда  А раньше она даже не подозревала, что полюбит его Она тогда не знала, не подозревала о такой любви два как ни крути  Прошло пару месяцев, она немного забыла Она мечтала, чтобы встретить другого мужчины Другого, не такого как он Но его не забыть, и снится тот же сон Вспоминая эти моменты ей ставало х",0.9560353755950928,0.043964579701423645,unnatural,0.9560353755950928
79,"Эй, девчонки, постой! Давай со мной веселиться, ваши лица радостны Дриста течёт по вашим задницам Вы...","Эй, девчонки, постой! Давай со мной веселиться, ваши лица радостны Дриста течёт по вашим задницам Вы думаете краше нас? Так кого же ебут? Давай спросим в думе, давай с ними вдуем Девчонки танцуют, запах кокаина чуют В третьем пути Чуев с подругой глумится На сцене MC Блёв Значит в зале накуриваются отменной дурью Бляди вдутые и всё круто! Девчонок ебут: рот-хуй! Давай станцуй под мой сольник, я тебя обсолю На кровати солью обмусолю И не обоссу, когда густая сперма потечёт Речёвка-блёвка кончаетс",0.4052563011646271,0.5947437286376953,natural,0.5947437286376953
80,Ждите диска — слияние Москва-Северодвинск Рассказывает сказки близкие на низких частотах Без вылазки...,"Ждите диска — слияние Москва-Северодвинск Рассказывает сказки близкие на низких частотах Без вылазки, тёмной вывески, натаскивают нас, как щенков Каждому уготовлено место в Кащенко Щека запускает белый дым из бумажного ящика Андерграунд есть, я так считаю Сколько дыма в наших легких? Не подсчитал Не проси пощады, а то как дам щас Шаманы уже не шарят в делах, а жаль Турбошмаль шмалит по мозгам С годами нас сдадут мусорам, срам Срать прямо с раций, не дадут даже просраться Ебаные папарацци, а може",0.5170238614082336,0.4829760789871216,unnatural,0.5170238614082336
81,"Эй, братиш, у тебя с головой не алё? Пригорюнился слонёнок Поди попей водички, мовел! У тебя птицы ж...","Эй, братиш, у тебя с головой не алё? Пригорюнился слонёнок Поди попей водички, мовел! У тебя птицы живут в коридоре Brother пришёл с rum У Дрима дома я сру Дай Бог ему здоровья А брови сами отрастут Спетущ американец Свой бур в Ираке забит Но заморожен империалистами! Удобно тебе чулки надевать на босу ногу? А я, наверное, помолюсь господу богу Сказал он вяло, но прикольно танцуя брейк-данс Продавцы цитрусовых, съемки на ссаную цифру Нажрался пидерии в преддверии дня победы Гудит микроавтобус по",0.9794666767120361,0.020533360540866852,unnatural,0.9794666767120361
82,"На коленях извиняйся  У-у-у-у-у, м, У-у-у, сука Сука, быстро это делай У-у-у-у-у Palagin on the beat...","На коленях извиняйся  У-у-у-у-у, м, У-у-у, сука Сука, быстро это делай У-у-у-у-у Palagin on the beat. Извиняйся на коленях  Извиняйся на коленях . Я помню, как кинул меня с Колей Меня заебало делать куни постоянно Кому это надо, хули Громкий выстрел с кожаной пули На мне Vuitton Louis Он не палёный, но, а ты говённый Лежишь со мной голый Давай приколим от перца уколы. От нервов колики Задумайтесь, как часто умирают гомики Если что, я в домике или в гелике Евгений опускает Сашу по беспределу А у ",0.9793897271156311,0.02061023935675621,unnatural,0.9793897271156311
83,"Гамак, тот кто привязал узла на два Деревьями между То место визитом обозначено Чем не привлекательн...","Гамак, тот кто привязал узла на два Деревьями между То место визитом обозначено Чем не привлекательно наблюдателю?  Шарооблада-да-да-дателю, люстратору  Торопится травмировать занавеску Кивало заказчика Щас как сниму у-родские доспехи мясные Сыт оста-не-тся Сяк, сяк, гам-мак. Мог, р, ы Шна в шапке Пал как колпак. Я плюнул и промахнулся мимо этой вселенной Стобаикаповски Не зря ношу фамилию Сураповский  А скинул я мясо, в нём был я пленный  Пельмени вы, люди Загрузку диска И через глаза ещё пару ",0.9839209318161011,0.016079040244221687,unnatural,0.9839209318161011
84,Основа Кокаин Спиды Спайсы Burrberry Fredd Perry Aquascutum C.P. Company Stone Island Ma.Strum ЦАО П...,Основа Кокаин Спиды Спайсы Burrberry Fredd Perry Aquascutum C.P. Company Stone Island Ma.Strum ЦАО Птаха,0.9290943741798401,0.07090569287538528,unnatural,0.9290943741798401
85,"О чём-то думал он Наверно дунул он Он, о боже, брат мой, грам мой. Fruity Loops хуйня, пользуйся пиа...","О чём-то думал он Наверно дунул он Он, о боже, брат мой, грам мой. Fruity Loops хуйня, пользуйся пианиной Дядя, все сэмплы в поряде Я отвечаю после пива И хапки плана Гоню опездолов из своего двора Спят они там целый день, бомжи Их даже не гоняют опера Подходит - опасно! Всем ясно, меня бояться В моём дворе опасно появляться Даже тем, даже ментам Бил хари капитанам, которые мешали курить план на лавке Клал кал Танечке в рот Вот уроды! А, Танечку Начинаются соры У соседей плач детей по ночам Батя",0.7021351456642151,0.2978648245334625,unnatural,0.7021351456642151
86,"Эй старичок, с чего начинается Родина? Меня бесит твоя ёбаная родинка В кармане коленько, а ты голен...","Эй старичок, с чего начинается Родина? Меня бесит твоя ёбаная родинка В кармане коленько, а ты голенькая Метро Коломенская Не будем называть имён, мы с ними кололись Я истину глаголю Колыма с зоны, тебя трахну в Старом Осколе Не путай радость с тоской Люблю бокс тайский, тайский массаж кайф Вась, ты одеваешься в паль Мы одеваемся в Palm Angels Смотри не раздырявься Мокрые петарды, корсар не взрываются Ты должен косарь нам А у кого-то горит возле ануса У кого-то образование семь классов А пидорас",0.8787384629249573,0.12126148492097855,unnatural,0.8787384629249573
87,"Эти сказки после напаса Мы показываем,что без мазы срать в унитазы И распространять одноразовую техн...","Эти сказки после напаса Мы показываем,что без мазы срать в унитазы И распространять одноразовую техническую Говори по-русски искусно Намотай на ус рассказ наш устный И пусть только эта правда,только Гнет настолько в твоем мозгу Насколько поможет  Насколько поможет воображение Как заряд рифмы в движении. Не смотрим на часы Не ищем ключи к сейфу смысла Ворчат живые организмы Мысли шевелятся Чувства чувствуют Бьет густо Наполнен воздух пылью Ночью на улицах пусто Пьяные рыла воют уныло В подъездах ",0.9453788995742798,0.05462111532688141,unnatural,0.9453788995742798
88,"Е-е Этот бит как конфетка. Я самый первый, как кокаин Давай вместе покакаем Мы не бухаем, мы снова в...","Е-е Этот бит как конфетка. Я самый первый, как кокаин Давай вместе покакаем Мы не бухаем, мы снова взрываем Если косяк потухает Ты сильно похож на петуха В жизни так бывает Мы вас в центре обували Мусульманин снимает с себя вуаль В вульву твою тёлку ебали  Дырявили хуями. Мы любим кокаин и нюхать, и бухать Мы любим кокаин и нюхать, и бухать Мы любим кокаин и нюхать, и бухать. В тебя короче тыкали, на Хэллоуин разрезали тыкву Пихву лизали с друзьями В тебя могут напихать реально Нюхать, колоть и ",0.9773626923561096,0.022637343034148216,unnatural,0.9773626923561096
89,"Йо йо йо Тут вся основа, тут нарки, ептэ А, ага, ептэ, тут нарки, йо Основа вся тут, нарки здесь, йо...","Йо йо йо Тут вся основа, тут нарки, ептэ А, ага, ептэ, тут нарки, йо Основа вся тут, нарки здесь, йо Пропущенный на мобилке от какой-то щелки Тащится от моей эмо челки Рву у нее чулки Хочешь чипсик? Аня Ритузина, тут вся основа За нас Кубань и Ростов И много дроздов А кто-то трахает Дрона И держит его сзади за бедра Он в хуй пернул Я надул аферистку поникой Выясняю с ней отношения ""Ну как дела, Маш?"" Припоминаю ногти твои крашеные Может накрошишь... Спайсика туда покроши В основе четыре левши за",0.9847552180290222,0.015244768932461739,unnatural,0.9847552180290222
90,"Тачка допинг в моей крови Так же люблю когда рядом сосуны номер шесть Стройные чиксы, играет Limp Bi...","Тачка допинг в моей крови Так же люблю когда рядом сосуны номер шесть Стройные чиксы, играет Limp Bizkit А ты тряси писькой, шаман Пыхай и играй в барабан, как Тигран Кеосаян Я тусуюсь в Саванне и в Гаване Кому надо, ищите меня там это древнегреческий. Холодный космос это хулакост У меня замёрз нос и отвалилась тазовая кость Но меня радует, что Синицын принёс порох Да по ноздре вмазал и на куски всех ментов раскатал А потом плюхи делал во дворе с отрубями Я славный парень, избавился уже ни от од",0.5146135091781616,0.48538652062416077,unnatural,0.5146135091781616
91,"Московским улицам приветствие И на них живущим людям, соответственно Там, где курили план вместе мы ...","Московским улицам приветствие И на них живущим людям, соответственно Там, где курили план вместе мы Там, где убивали друг друга Там, где правда пускала всех по кругу Там, где спасались лишь бегством Где проходила наше детство Московским улицам приветствие. Сейчас слушаешь это так быстро, на том свете будем вместе Если не сдохну завтра, то сдохну позже, ты слышишь песню Серый мир без радости, счастья, лишь одни гадости Лучше вмажусь снова или дуну, главное, съебусь от реальности Склею ласты под н",0.9861572980880737,0.013842672109603882,unnatural,0.9861572980880737
92,"Когда хуй проскакивает между зубов Я знаю, ты гот Твой рот очень мал Тебя ебал мой друг хохол Ты игр...","Когда хуй проскакивает между зубов Я знаю, ты гот Твой рот очень мал Тебя ебал мой друг хохол Ты играешь на гуслях Узко у тебя, и мне грустно Твои усы очень не просты Ты звонишь мне, и мы идём ебаться в кусты Твои друзья не ебут тебя Ты с самого детства не наёбана Суёшь в пизду банан Твой анал пропах И мне грустно. И порвались гусли твои Пыталась работать курьером Лера пыталась вставить накладной хуй, но не верила Накаляй его в момент проникновения между зубов Твоя заячья губа отвисла Когда упот",0.3972046375274658,0.602795422077179,natural,0.602795422077179
93,Саме главные вены Нетронуты наши мотивы Никто не в силах повторить застывает Тело врага нежно замерз...,"Саме главные вены Нетронуты наши мотивы Никто не в силах повторить застывает Тело врага нежно замерзает Друзья уже с уликами помогают решать вопросы Кто-то шёл в аптеку, попал в картотеку И теперь нам... Гоню по трассе вдаль, хочу забыть печаль Жаль, что в паспорте стоит эта печать Это город грехов Не спотокнись у порога морга Где Москва река совсем уже не та Когда проснётся этот город К нему есть вопросы В Лефортово районы Подъезды изрисованы Бошки взорваны Пацаны ровные Мусора позорные Mercede",0.47771942615509033,0.5222805738449097,natural,0.5222805738449097
94,"...нул Курнул Здарова, снова Как дела там, Вова? Это скит Пашку Наша музыка - основа Пидоры, бля Ну ...","...нул Курнул Здарова, снова Как дела там, Вова? Это скит Пашку Наша музыка - основа Пидоры, бля Ну как на Ялте там, Блёв? Я хуеплет, мудила Дай потрогать свои груди Пудель дал пососать овчарке Не боись, это только начало! Пашка на зоне качался, пил Очаково Звезды на его широких плечах сияют Ебальник разбили Поставили под глазом синяк Хуяк - с нее трусики сняли Дальше в ноги нырнул, лизал клитор",0.953067421913147,0.046932581812143326,unnatural,0.953067421913147
95,"Е, е-е-е, о, е-е-е, ах-ах. Очко жмётся у тебя, когда видишь моё лицо Хотел как лучше, но мы на улице...","Е, е-е-е, о, е-е-е, ах-ах. Очко жмётся у тебя, когда видишь моё лицо Хотел как лучше, но мы на улице и ты ********** и я чё-то подумал, сука, блять Достаю Макаров, соси дуло, губа не дура Гузло как ведро. Урчат булочки во время пердежа Подруга тусит в тамбуре А ты не жалуйся, а опусти жало к моей ширинке Шершавый через стринги нежно вылижет Шляпа выбрита, лагерь выдержал Пары вы банные нереально вывели Еду в Иерусалим, руки вымыл, душу вычистил Если чай, то обязательно чифир Проводник с ногами б",0.7532503008842468,0.24674975872039795,unnatural,0.7532503008842468
96,"«Прячь анашу» «Замес». Зимнее утро, а кто то ищет домашнюю утварь Мы дули в саду, дудку Мы думали об...","«Прячь анашу» «Замес». Зимнее утро, а кто то ищет домашнюю утварь Мы дули в саду, дудку Мы думали об будках Кого то приняли серые на 15 суток Мои мутки только через Серёгу Он продавал золото, время 23, Одесса Инесса идёт в туалет Кресло-каталка хорошо пристёгнуто к ней Она дружит с геями Гении дунули, придурки! Поиграли на губе Вани А на руках два грамма Есть варианты, на плащ палатку 9:15 мутит фен Реальное время Это логично, яички идут в замес Я залез на столб Кури дерьмо В его руке перо О нет",0.43843358755111694,0.5615664124488831,natural,0.5615664124488831
97,"Е, а Девки, ноги Мясо на тарелке. Караван историй, волка кормят ноги Я хочу потрахать тебя, безногий...","Е, а Девки, ноги Мясо на тарелке. Караван историй, волка кормят ноги Я хочу потрахать тебя, безногий Ты мой любимый чёрт Васёк едет и ему хорошо Он подчёркивает это карандашом Я зашёл такой, без штанов  Я хочу потрахать пацанов А нет-нет-нет, девчонок А нет-нет-нет-нет-нет, трансов  А нет-нет-нет-нет, я хочу драться  Нет-нет-нет-нет-нет, я хочу трахаться  Играет бит, он затихает  Как потухает твоя музыка  Игра мотылька  Жизнь так коротка, сука. Пока Максим Синицын думает ехать на фронт Лёша Вино",0.657573401927948,0.342426598072052,unnatural,0.657573401927948
98, Это Lucky Этот бит как конфетка. В цирке не смеются даже клоуны Kunteynir — это хуйня с рэп уклоном...," Это Lucky Этот бит как конфетка. В цирке не смеются даже клоуны Kunteynir — это хуйня с рэп уклоном Давайте вспомним старые добрые или ты в попу долбишься Мы расхуяримся не спеша, даже может на мне Paul&Shark Респект Павлу Воле На твоей тёлке нихуевое колье Поэтому это cartier Респект и бате И всем, кто сейчас в бане или в сауне Мы трахаем проституток сами 18-ти летняя самка. Louis Vuitton, ведь ты кроссдрессер? Кроссдрессер Ты кроссдрессер. В туалете, мимо унитаза нассали мы  Засалены ваши ска",0.8173523545265198,0.182647705078125,unnatural,0.8173523545265198
99,"Пиздец, Москву слышно, бля  Пу-пу-пу. Малая не слышит помощи крик Хочу в рэпчик, она просит исполнит...","Пиздец, Москву слышно, бля  Пу-пу-пу. Малая не слышит помощи крик Хочу в рэпчик, она просит исполнить «Крит» Жёлтая зажигалка, нахуй, похуй, Cricket или BIC Я конь, Biicla – бык, Юра CODE10 скинул коды В белых так много корысти Хочу к бабуле, мило на стене висят ковры  А вы чё, блять, проебались снова?  2024 на дворе, белый, ты не пополнил балик снова Ебальник сломан , пидорок отъёбан  Я пришёл с подарком, в арке оттрахал карлика Курил ******, но мне похую, он не мой кент И вам попутного ветра В",0.9312161207199097,0.06878393143415451,unnatural,0.9312161207199097
100,"Только винт, амфетамин Только lean, только фен Palagin on the beat. Проснулся утром, взял сумку  Сос...","Только винт, амфетамин Только lean, только фен Palagin on the beat. Проснулся утром, взял сумку  Состояние мутное, как будто работал сутки Жопу вытер плохо , покурил плотно Не люблю я спорт , white widow сорт  Покупает white smoke  Он думает, там прикоп Из приоры наблюдают копы  Но старичок-то опытный  И лоб мокрый Прикинулся, что лох он  Рядом проходят чиксы модные  У них трусы жёлтые  И кайфовые жопы  Мне плохо . Только винт, амфетамин  Только винт , амфетамин ",0.5261551141738892,0.4738449156284332,unnatural,0.5261551141738892
101,"Йо У меня есть.. а У меня есть абонемент на ушу Спешу сделать уху «Эй, сладкая, потрогай мой хуй» - ...","Йо У меня есть.. а У меня есть абонемент на ушу Спешу сделать уху «Эй, сладкая, потрогай мой хуй» - кричу тебе с лавки Пятку лечу Ты подходишь ко мне и протягиваешь гондоны Это завтрак чемпиона Ну что, как тебе хлопья? Ребёнок из моей малафьи Они боги А я второй год не вылезаю из бомбера Я пёрнул в охотном ряду Мой хуй как пиявка проникает в манду Здесь слишком зябко И наша лодка идёт ко дну И мне неловко Из тёлок только две уродки Улов без трусов Улов в колготках Колдую на чётках Марина, ты хор",0.9783783555030823,0.021621696650981903,unnatural,0.9783783555030823
102,"I have a Дрим! Где мои брови, блин? Быстрова клинит Едем на выезд к крыльям Жара, Самара Я верю буду...","I have a Дрим! Где мои брови, блин? Быстрова клинит Едем на выезд к крыльям Жара, Самара Я верю будут голы Требуют внимания Любитель Анатолий Голых Свистит когда не надо Рядом Тольятти Lada Зовёт в гости Дримона ОМОН избил плотно За что не могу понять Просто поссал в болото Но ментам по барабану Она настырнее арабов Когда шмонали понял Они украли мой скраб Кого-то из ребят Просто трахнули нах. Нас взяли в кольцо Кто-то плюнул Димону в лицо Товарищ из Марьино Проявил себя как реальный парень! Ему",0.6636212468147278,0.33637869358062744,unnatural,0.6636212468147278
103," Давно не гуляли с Федей  Сделал себя сам, мне не нужен Макс Фадеев Чк-чк по её пиздёнке, называй эт..."," Давно не гуляли с Федей  Сделал себя сам, мне не нужен Макс Фадеев Чк-чк по её пиздёнке, называй это скрэтчинг Белые не работали, проебали свой legacy  Она сосала мне в Мерене Big Boy гигант, с малышами, как они мы не меряемся  Всю жизнь ****, но нашёл себя в трезвости  Интересно, что думает о Rio Eminem?  Эмси дрочат копейки, типа того дедушки  Трахаю рэперов, бля, будто мне не нравятся девушки  Грязный рэп как он есть, ему не надо ретуши Просто базарю дерьмо, е-е, на мне кепочка Burberry Е-е,",0.9350060820579529,0.0649939700961113,unnatural,0.9350060820579529
104," впарить Кляче или Сапелову. У меня на карманах больше чем если б ты был султаном Покупал солутан, м..."," впарить Кляче или Сапелову. У меня на карманах больше чем если б ты был султаном Покупал солутан, марихуана продавалась чаще, в Чуйской чаще Есть пидарасов младше меня, тупее меня, они хотели поиметь меня Конкретно Страйкер узкоглазый малый, он точно был султаном Но у него не встал хуй когда он на ебалку звал Мисс Даймонд Наглухо ебнутые личности, точно пизда им Султан не дрочит на стиль, он его знает Меня заставил исправить этот represent ебаный Страйкер любит Мисс Даймонд, меня вскрывает наху",0.3303295969963074,0.6696704626083374,natural,0.6696704626083374
105,"Искусственный пидормот Фанера, восьмое марта, кто-то чешет залупу А кому-то не надо Вот она: пижня н...","Искусственный пидормот Фанера, восьмое марта, кто-то чешет залупу А кому-то не надо Вот она: пижня на cd-носителе Вы уж меня простите, господа родители Даже не просеивалось через сито Грамм белого на кармане у Сопелова Немного убитого, на суде он просил презрительно «Отпустите меня, господа обвинители» Если был бы я султаном, я б работал путаной В ресторане, где смотрел путти танга Мою жену зовут Анга, я ей кричу «Привет, пизда!» складно У неё пизда с гландами Складная фармацевтиками наука треть",0.9580925703048706,0.041907455772161484,unnatural,0.9580925703048706
106,"Заехал. Но не техник, а другой... Въехать ""по техническим причинам""! Йоу Йоу Блёв МС из России Андер...","Заехал. Но не техник, а другой... Въехать ""по техническим причинам""! Йоу Йоу Блёв МС из России Андервотер твои мозги продал С Усачёвым и Пропой в пробке На 9 Парковой брошенным На площади Ильича Станция Душевская школа встречай меня Сапелов брат усача Вырубаю андер Твердача и белого Слегка сапелого Учителя водителя родители семьми Котловых Зовут пельмени бабы Лёвы Зовут работать клоуном Андервотер и Блёв МС решают Как хорошо. Сапелов кряхтел в коме Сапелов хотел своей доли белого А получил аналь",0.9383308291435242,0.061669155955314636,unnatural,0.9383308291435242
107,"Это словесный секс, это Словетский слез За йогуртом Едем такие в Ёбург, выезд в Гамбург Отпиздил сво...","Это словесный секс, это Словетский слез За йогуртом Едем такие в Ёбург, выезд в Гамбург Отпиздил свою даму Слезай с дивана Кальмар пошёл покакать Потом вернулся, ёбнулся в коридоре Рыбас Раскол здесь, месит языком Лёшка клитор, прилёг такой с литром гарика Карри соусом полил на Тварь, слился с кокосом, унёс в багажнике Пидарас предсказывал Перетирая в булыжнике И ""жи есть"", пальцем к верху. Пальцы к верху, под залупой перхоть Стриг ногти и на ветру лизал тёлкам в менстру Медсестра из Минска была",0.8995527029037476,0.10044724494218826,unnatural,0.8995527029037476
108,Baby too cold like cocaina Запрещена будто коррида Она мой куб адреналина Baby too cold like cocaina...,"Baby too cold like cocaina Запрещена будто коррида Она мой куб адреналина Baby too cold like cocaina Запрещена будто коррида Она мой куб адреналина. В Мексике кексик есть, на мне сомбреро Бэйба, ты как Наталия Орейро Или как Лера Игрива в постели, беру за гриву Наебали в Leroy Merlin Да и в Ленте тебя заметят Ты не как эти, ты не в магните Ты на прикопе. Она мой куб адреналина. Копам прикольно, построй свою любовь  105-ая – больно Опять опиаты и Коля, ты рядом Хочу сказать матом , но молчу  Марк",0.6728816032409668,0.3271183669567108,unnatural,0.6728816032409668
109,"Я просто не слушал Вы не задумывались о том, как плохо курить?. Первый раз пропёрло Первый раз пропё...","Я просто не слушал Вы не задумывались о том, как плохо курить?. Первый раз пропёрло Первый раз пропёрло, альбом готов Потом ждём золофт Купил ты его или он В филях твой друг получает пиздюля Дистрибьюторы схватили меня На входе стакан был продан за 150 долларов И мне как-то похуй, возврат делать плохо Извини, что план хуйня. Ты сюда слушай Ты сюда слушай меня На самом нашем районе есть вариант лучший Замутить белый или план или гидропонику Чтоб вскрыло клапаны нахуй, и было обидно Велика беда, н",0.9834864139556885,0.016513541340827942,unnatural,0.9834864139556885
110,На открытии клуба Dolls собрались самые крутые мужчины столицы. Цены их не смутили. Расставь расшире...,"На открытии клуба Dolls собрались самые крутые мужчины столицы. Цены их не смутили. Расставь расширение, смотри на сиськи После меня твой пах будет выжженым Давай выебем Кристину Лекси На дальняке в каптёрке Шершавые там сотрут ей пилотку Таких не берут в стюардессы Moscow City, куртке снюс Карина попросила достать кнут Я икнул, пошёл в туалет, пукнул А через час должен был быть в стрип-клубе Там Mayot и запах её, ё-маё Её жирные бёдра на стойке Падает на столик Ебать аналогия, пизда королевна П",0.2945670187473297,0.7054330110549927,natural,0.7054330110549927
111,It's going. Пошёл ты сам нахуй Пошёл ты сам нахуй. Let's begin...,It's going. Пошёл ты сам нахуй Пошёл ты сам нахуй. Let's begin,0.5410990715026855,0.45890089869499207,unnatural,0.5410990715026855
112,"Их злодеяния потрясают своей бессмысленной жестокостью Они преступили не только общечеловеческие, но...","Их злодеяния потрясают своей бессмысленной жестокостью Они преступили не только общечеловеческие, но и законы преступного мира Смысл их преступления.... 158, дядь, с чего начать Можешь в рот взять Пока ты гонял на футбол, твою маму ставили раком Разводил малолеток взять на клыка за последнюю пятихатку Юра ищет портал, а Юля хоронит папу Пока ты гонял на футбол, сука, твою маму ставили на кол Удары американских войск по Ираку Я ставлю Риту раком и включаю музыку Банда на выезде с миссией, а я зак",0.9575413465499878,0.042458679527044296,unnatural,0.9575413465499878
113,"Kunteynir, 2015. Первый снег, это первый снег, а, в пакете Это первый снег и он на торпеде В кайф пр...","Kunteynir, 2015. Первый снег, это первый снег, а, в пакете Это первый снег и он на торпеде В кайф проезжать мимо мечети Тут весь Kunteynir: Лёха Гуф и Антоха Третий Хорошо там, где нас нет Но здесь снег белый, как первый И холодный, как ветер. Настроение ахуенное, в бардачке сортовое сено Айфон чуть не сел, с легавыми никогда не имел дела Пока сливали друзей, я на работе потел Потел и дрожь от первого, но, если что, сойдёт и гера В карты играл, водка «Белуга», поника и чёрная икра У своих я нико",0.9844767451286316,0.015523324720561504,unnatural,0.9844767451286316
114,Массаж простаты или Джулиан Ассанж Я в тени папоротника вновь обсажен Мне интересно выветрится ли га...,"Массаж простаты или Джулиан Ассанж Я в тени папоротника вновь обсажен Мне интересно выветрится ли гавно  Восьмого июля закончится УДО  А также днюха у подельника, горит Америка Я нюхаю со стола из IKEA Станцую в камере я для Мигеля Новые рэперы на геле Старые рэперы на гере Знаю прием Ura Mawashi Geri Платите деньги, не пейте гейнер Для FL-studio качаю keygen Зевс любит Гею, читаю Гейне Респект группе Kunteynir, и всем кто не геи Наверное круто поебаться, бля, в музее Мы прикасаемся к истокам, с",0.9864687919616699,0.013531207107007504,unnatural,0.9864687919616699
115,"Ну пидора, пидоры, бля, МТУшники, суки Я наебал одного урода, бля, с МТУ, нахуй  На месяц, я сидел м...","Ну пидора, пидоры, бля, МТУшники, суки Я наебал одного урода, бля, с МТУ, нахуй  На месяц, я сидел месяц халявы, блять, йоу, пидор, бля  Ну через Одиге на, в Одиге наебал, как соску, бля, просто Он говорит бля: «Хочешь типо интернета?» Я говорю: «Давай, блять» В это…м-м, э-э-э, а-а-а, ща-ас, ща, ща, ща Я говорю: «Давай» Он мне дал, короче, логин и пароль на месяц Я сидел, он говорит: «Когда деньги?» Я говорю: «Через два дня, через три» вот так вот И ебал ему мозги так весь месяц Короче, сидел ха",0.9841968417167664,0.015803122892975807,unnatural,0.9841968417167664
116," Эй чел, плотно лови скит ровный Ни как Тортилла Порошок! Уходи! Это ЦАО, тут Синицын Эй, имбицил Пр..."," Эй чел, плотно лови скит ровный Ни как Тортилла Порошок! Уходи! Это ЦАО, тут Синицын Эй, имбицил Просто зря ты одел леопардовый кардиган Как жаль, что не дотянули Рем Диггу Ну как те? ЦАО Records 2014 Голубенький Strike через соломинку, о йе Люби основу И кто не здоровался с Блёвом - тот молодец Степана пропалили Филипп и Олег Это Kunteynir Кто не здоровался с Блёвом - тот молодец И кто не здоровался с Блёвом - тот моло...",0.9589581489562988,0.041041892021894455,unnatural,0.9589581489562988
117,...,,0.9583932161331177,0.04160672053694725,unnatural,0.9583932161331177
118,"С днём рождения тебя, Максим Мучают комары и Паша проник Маша гопник, читай вот так Чивава присунул ...","С днём рождения тебя, Максим Мучают комары и Паша проник Маша гопник, читай вот так Чивава присунул и учуял запах хуя Веточка са-а-а-куры, Я курил у Юры дома Теперь читает Юра, ха-ха  Теперь читает. Арматура в руке моей Удары ракет по Ираку американцев Вызовут атомную войну по всему миру Мы не спасём богиню-Россию Мы не будем синими как рыночные водилы, Я же не мудила Они звери, жирафы, и крокодилы Отморозки со draw, твоя тропа отрава Но марихуана другого значения, приступ излечия Совсем другое ",0.4438842833042145,0.5561156868934631,natural,0.5561156868934631
119,"Меня принимают с первым Эй, в чём дело? Ты навёл порчу, ты испорченный мент Мент, сука. Грандиозные ...","Меня принимают с первым Эй, в чём дело? Ты навёл порчу, ты испорченный мент Мент, сука. Грандиозные поля всякого зелья Или это пыль, покуря через пипетон пыли Замечу, ненавижу никотин, а также блядей без резины Но если мылась и чиста, то в очко с вазелином Немного пальцем подлечив сплиф Дальше буду говорить на бис Уважай меня, плиз, а то отсосешь мою писю Пейте, сука, виски И не ебите мои мозги Сосите писю верблюдов Как дети в Голливуде с дятлом Вуди смотрят мультики Это культ Телепузиков Перед ",0.3412126302719116,0.6587873697280884,natural,0.6587873697280884
120,Сколько дыма влезет в наши лёгкие Столько смеяться будем без напряга и без остановки Сколько можно п...,"Сколько дыма влезет в наши лёгкие Столько смеяться будем без напряга и без остановки Сколько можно пялиться в телевизор — пустой ящик, выключай! Это тупо — выпей чай и не скучай Плохое настроение? Замучило рвение к цели впереди Забивай! Вот так, щелчок зажигалки, все позади и все в порядке Бабки, лай собак, тишина, шёпот веток Здесь в комнате темно, совсем мало света Монотонность террасы ни..никакой мазы Уже надоело, веет каждодневная зараза Продолжаем молчать, а нам лень говорить Хватить тупить",0.9568848013877869,0.04311523213982582,unnatural,0.9568848013877869
121,"Хороший вечер, шлюха! Забудь о музыке! На даче ты и ещё четыре мусора: Трусы уже на люстре Да похуй ...","Хороший вечер, шлюха! Забудь о музыке! На даче ты и ещё четыре мусора: Трусы уже на люстре Да похуй что у тебя менстра Шершавого мацай, сделай чайный пакетик нам Плевать что прыщи на яйцах Отвечу: ты умница, хочешь хорошо жить? Придется поставить лицо на против моей мошонки. Глотай всё что есть глоткой, прочищай водкой И содовой, а потом хуй за щекой Ты заслужила призовой анчоус, время смотреть кино В планах blackjack на очко Извини, но ты чокнутая, дупло после нас раздрочено С тобой сегодня был",0.5435624122619629,0.4564375877380371,unnatural,0.5435624122619629
122,"Сегодня наша команда ФК «Москва» Играет первый матч на вате гимна Москвы Я по свету не мало катался,...","Сегодня наша команда ФК «Москва» Играет первый матч на вате гимна Москвы Я по свету не мало катался, за любимой командой своей А я всегда ей верной оставался, даже если сапожник сильней И Москвой я привык я гордиться и везде повторяю слова - ""Дорогая моя команда, золотая моя Москва"" Я люблю стадионы восточной и гранатовый с черным цвета Буду верить в твоё чемпионство... Твоё чемпионство... Твоё чемпионство, ты не будешь одна никогда И врагу никогда не дадутся, чтоб склонилось твоя голова Дорогая",0.48299863934516907,0.5170013308525085,natural,0.5170013308525085
123,"Эйоу-йоу Вот, вот так вот охуенно Вот, а текст-то, блять, где? Ха, бит-то, блять, бит есть, нет текс...","Эйоу-йоу Вот, вот так вот охуенно Вот, а текст-то, блять, где? Ха, бит-то, блять, бит есть, нет текста Да хуй с этим тестом, месивом Блять, хватит листать. Дело было утром: приехали мы на Тушино С собой необходимые атрибуты Взяли под руку, чтобы было кому присунуть на губу По району без стойки, с микрофоном без строчки Ни дня без пилотки, кружки по району, ёптиль. Мажор мне предлагает порошок стиральный Я ему пальцем у виска кручу, говорю: «Сейчас пятна в тренде» Отобрал зарядку у типа с Африки,",0.7625869512557983,0.23741309344768524,unnatural,0.7625869512557983
124,"Твоя мать блять Сперма на губах сохнет медленно Как плов в первом, котлов пять наверное Биты уже у м...","Твоя мать блять Сперма на губах сохнет медленно Как плов в первом, котлов пять наверное Биты уже у меня на руках, как шишки В твоих ладонях, поджигаем гашиш. Ты чахаешь на второй, на пасе говоришь: болит дышло Вышли подышать на крышу, тут вдруг оттягиваю ей соски со свистом Клубный диско под индийским, ты трогал мою писку. Ты, и жены Сопеловой, я трогал сиськи на её теле Где соски вертели, хотя это , ночью соски нагрели Меня зовут Сергеев Сергей, нагремлю хуярю дельно Дрелью хочу когда стремлени",0.6382919549942017,0.3617080748081207,unnatural,0.6382919549942017
125,"Мне нужно... Мне нужно, следует треснуться как bitch Ильич тренер, он учит в школе детей Он тренер, ...","Мне нужно... Мне нужно, следует треснуться как bitch Ильич тренер, он учит в школе детей Он тренер, Ильич, ебёт людей Он не работает, 733 не видно за горой Он горд за школу, его дочь ебали ночью в школе Климу в хуй, Виталий мудло Ветер дует, один из нас тупой, добавляет утром Юр, Матвей болеет, он кент, кокаин и клей момент Он клиент сома, сома зовут Вова Ванина губа пухнет с каждой минутой Менты и Матвей бояре, твоя пизда воняет Это он - гом, дом, рядом школа Это, зашел он, тренер Ильич, Ильич ",0.9484881162643433,0.05151185020804405,unnatural,0.9484881162643433
126,"Эй, йоу! Всем привет! Это Kunteynir в лучших своих традициях Ребята! Слушайте, слушайте, слушайте. П...","Эй, йоу! Всем привет! Это Kunteynir в лучших своих традициях Ребята! Слушайте, слушайте, слушайте. Пиздец вы шайка ебанутая, попутали берега На локте паутина, сильно перетрухали Один! Один! Дайте жара! Дымит охотничья колбаса, а теперь кислый Как моська моего кота, как ебало Шарапова Эта хитрость во время допроса Хочешь трубу в жопу? А потом колючая проволока Клитор раздувается как почка Весна приходит, погода радует солнечная Тёлки коктейлями манят, начинается игра Набухают почки, цветёт саку́р",0.4133988618850708,0.5866011381149292,natural,0.5866011381149292
127,"Паша и рыночные гагули Встретились, подули Пару партий в пул продул Не хватило фил Пока не словил пу...","Паша и рыночные гагули Встретились, подули Пару партий в пул продул Не хватило фил Пока не словил пулю на жопу как улей Азербайджанский chill Порево под хим Я под химией Я педофил Впулил гидры гил Подержанный Lexus Блёв купил Торпеда ЗИЛ Резиновая баба Всё было когда-то Чёрные ребята отдаются в зад Не следят за своим базаром Этот самый Валерий Газзаев Кто-то любит питерскую коку А кто-то геру из Баку Набил на плече розу и колючую проволоку Я вымутил пол кубов, пропитанных лизером африканским Тыш",0.5840942859649658,0.4159057140350342,unnatural,0.5840942859649658
128,"Не заводи попугаев, они могут сдавать Они разговаривают с ___ А у тебя неоперабельная травма Вопросы...","Не заводи попугаев, они могут сдавать Они разговаривают с ___ А у тебя неоперабельная травма Вопросы «уважаешь попугаев?» заебали Заебался напрягаться в спортзале С утра в дрова, пиздую на работу Чувствую себя ничё так А вокруг все смотрят На мои джинсы разодранные Это реликвия с аукциона Прошёл курсы торговли в своём регионе Воронка вопроса А я в глубинке вырос глупенький Босс сказал сильно, пива выпил Говорит: «Берём тебя, ты стильный» И хули тут говорить Вы всегда стремились В документах там ",0.9852087497711182,0.014791327528655529,unnatural,0.9852087497711182
129,"Вот, думаю, сейчас придёшь, сядем, чайку попьём с малиновым вареньем. Ты ведь малиновое варенье несё...","Вот, думаю, сейчас придёшь, сядем, чайку попьём с малиновым вареньем. Ты ведь малиновое варенье несёшь, да? А я и самовар раздул, и веточек... этих... Чтоб дымок был. И... и... Ведь кто же, кроме тебя, звезды-то считать будет?! Медвежонок говорил, говорил, а Ёжик думал: ""Всё-таки хорошо, что мы снова вместе"". Опять сижу, втыкаю в тишину Знаю куда надо идти, но не могу Вибрация струн, черт… играет на нервах Лень-стерва грызет время, плачет небо Что-то здесь неверно Скука разрывает на части, копя ",0.592210054397583,0.4077899158000946,unnatural,0.592210054397583
130,"Е, е Ты работаешь в ГНК на трубопрокатном цехе Где горячие мужики гнут о грудь батареи Признаются на...","Е, е Ты работаешь в ГНК на трубопрокатном цехе Где горячие мужики гнут о грудь батареи Признаются напарнику Феде в любви Извини, Люда, в буфете, но геи любят Голливуд их Их ебут. Тут завод, слышь, сладкий, сюда Контролёр болт показал нам Подсказал, но мы были в кал Но студенческий не оказался продлённым Взяли в спортзале, далее — зал суда Эх, какой мудак из управдома что-то сказал показальцам на нас? А Юра ему показал и у потрясного потряс на усы Крикнул: «мы гусары, а вы хачи сраные, идите на х",0.9868379235267639,0.013162004761397839,unnatural,0.9868379235267639
131,"Я пошёл на работу, такая хуйня Отослал резюме, позвонили, да Обещали не платить двести Обещали не пл...","Я пошёл на работу, такая хуйня Отослал резюме, позвонили, да Обещали не платить двести Обещали не платить триста Обещали не платить шестьсот Вот это вот",0.9559177160263062,0.04408230260014534,unnatural,0.9559177160263062
132,"Е, уже сутки не читал Пелевина  Читаю, как Раскол , я знаю, что это он стрелял в Джона Кеннеди Джо Р...","Е, уже сутки не читал Пелевина  Читаю, как Раскол , я знаю, что это он стрелял в Джона Кеннеди Джо Роган снова на свэге  Взял на болевой на подкасте  Умные весы сказали, что во мне кал Ем кордицепс  А вы чем гордитесь, псы?  Усы молодого P. Diddy  С Джа Рулом едем по грибы Слушаю ГрОб и думаю о любви Как ни крути, все мы погибнем Diddy R.I.P. слышал, что СД стал гнидой Может, слухи? Вы ебётесь в ухи, петухи Тематика не раскрыта  Я курил полевые цветы и слушал Крип-а-Крипла Пиздатое время, 47 про",0.9848964214324951,0.015103587880730629,unnatural,0.9848964214324951
133,"А Кхэ-кхэ-кхэ Kunteynir, Pra Да похуй Кальмар, Техник, Pra Е. Это грустная версия, как фильмы с Ниль...","А Кхэ-кхэ-кхэ Kunteynir, Pra Да похуй Кальмар, Техник, Pra Е. Это грустная версия, как фильмы с Нильсеном Лесли MC кукарекают песни, отгружу им по еблу трёшку, как Месси Если ты против, то делай мне Поставил бы ""На футбик"" Я сигнул, а вы запущены в процессе Запахло весной, как в подъезде кошачьей мочой Солнце мне в будку печёт, рэп, как и ты - ни о чём Пошёл отчет назад, я потихоньку спускаюсь в ад Стаптываю пятки на кроссах три раза по 50 Всем peace! Измерение X, тут сдох твой упоротый лис Смер",0.5342274308204651,0.4657725393772125,unnatural,0.5342274308204651
134,"О чём говорим, о чём пишем Ты меня не ищи поблизости Уже пророки снуют как мыши Об этом наверно знае...","О чём говорим, о чём пишем Ты меня не ищи поблизости Уже пророки снуют как мыши Об этом наверно знает Техник На тусе, на погранцах днюха 158-го Макса, Обросов в новостях, потом реклама памперсов Вы че папуасы, мы в Третьем Пути Пришли почитать в мусорской форме Брази, Джед, на новокузне Русик Встреча на яме у спутника Тексток на листке Раньше косил кусты, а теперь побеги Ходил красить стены хромом Девочка гот, потусить не повод Но повод ебануть за встречу с черной водой Под бит качаю голову у до",0.9854735136032104,0.014526436105370522,unnatural,0.9854735136032104
135,"Йо Я не купил ружьё. Я не купил ружьё, зато в подъезде свистел Вдыхал что видел, сосед обомлел, побе...","Йо Я не купил ружьё. Я не купил ружьё, зато в подъезде свистел Вдыхал что видел, сосед обомлел, побелел Ты чё, бледный? Хочешь вдвоём дунем? Хочешь на Кубу? Держи пара в трубу, лучше бы ружьё втарил Сосед осел, осёл, под руки поднял Витя встал. Стоишь? Лыбу тянет, глаза заплывшие Солнце садится за крыши Витя, дыши — не слышит Я ружьё не купил, за Витю накуривал Он только скурил, там года три прожил Теперь лежит, лыбу тянет по роже Витя дрожит, сам на себя не похожий Лучше бы ружьё приобрёл, сам ",0.3910946249961853,0.6089053750038147,natural,0.6089053750038147
136,"Щавель блять. Похож на пенис? Приглашают. А то я достану пушку Я злой, когда не кушаю В летних ресто...","Щавель блять. Похож на пенис? Приглашают. А то я достану пушку Я злой, когда не кушаю В летних ресторанах шикую Твой бюст сдут, нас уносит в тайгу Снимаю майку, со мной тёлки в белых найках Походу пьяная одна из них Кладёт мозаику мне на кафель Сука, нахуя водник обсасываешь, вафлишь Просралась ты ж, какой-то чиж Чего ты, проблем хочешь? Ты дохуя пиздишь Моя киска не может кончить. А сейчас умотали на юга У меня в штанах вьюга Чуть не въебал друга, слава Богу 158 его обоссал Ебашит дождик Подошё",0.34020814299583435,0.6597918272018433,natural,0.6597918272018433
137,"Тюрьма и пресс-хата, я не оставляю отпечатки Задача непростая, предстоит ответить за базар Раз на ра...","Тюрьма и пресс-хата, я не оставляю отпечатки Задача непростая, предстоит ответить за базар Раз на раз или место у параши, и имя Наташа В голове каша, бессонные вечера И построения по утряни, пересчёт по головам Баланда заебала и мобилу отобрали Красный отряд и перо в одеяле Кто тут за главного? Я растаман На локте «паутина», на плече «АКА» Витя, есть связь с перевала? Голубь принёс информацию Смена караула, Мундиаль звучит на прогулке . За стеной серый день сменяет ночь Здесь нету света, лишь ти",0.9837753176689148,0.01622462458908558,unnatural,0.9837753176689148
138,"Хромбимбом досчитает до пяти, и вы расслабитесь Приятная нега окутает чресло Вы проснётесь нескоро Ч...","Хромбимбом досчитает до пяти, и вы расслабитесь Приятная нега окутает чресло Вы проснётесь нескоро Чайки кружат над морем широко раскрытых глаз Вдоль шоссе и проспектов ткань приветов Все афиши одеты Очень мало сизого цвета Вещей на полках и в витринах Добавление текста В 4:20 и сразу вверх Обжигают плечи, локти звёзд скопления Рукой Декстре поймает слетевшие шляпы, сорванные притяжением Издревле от чего-то копая в новое, рождаешь смех Возня в РАФике, довольные лица в окнах мелькают Открыты к не",0.9873735308647156,0.012626434676349163,unnatural,0.9873735308647156
139,"Пошел на дальняк под слабительным Только поссал сидя, зато ты слышь этот фристайл И мой мир удивител...","Пошел на дальняк под слабительным Только поссал сидя, зато ты слышь этот фристайл И мой мир удивителен Носить стафф в носках, не любитель я В нос не тащу, жало точу Тип подозрительный, чуть на рэп дрочну Трек вагон метро качнул Декабрь мальца подморозил и закапал с конца. Если это шутка, то она не смешная Пить годами контрафакт и колоться так Чтоб снесло нахрен колпак Три колодца на руках, передоз опять несут Иди нах отсюда, тут забраться бы за 20 Дурка, наркология, тюрьма, могилы Пути исповедим",0.5859123468399048,0.4140876531600952,unnatural,0.5859123468399048
140,"Приближался ко мне откуда-то монотонный такой гул, гул, гул И вдруг меня начало всасывать в этот Всё...","Приближался ко мне откуда-то монотонный такой гул, гул, гул И вдруг меня начало всасывать в этот Всё вместе с этим гулом, я больше ничего не видела, меня только всасывало Всасывало, вот, сзади меня как бы вот так вот И меня как будто выбросило Ну, с этой трубы, как выбросило, вода как выходит, раз и выплеснуло И я «Ой, где это я нахожусь?» Каменистый грунт Весь грунт каменистый. Ненавижу глупых сук как барсук сырое дерево Всё появляется ли от безделья? Жить. Ну да, да если бы Или нужно поесть, в",0.9555317163467407,0.044468313455581665,unnatural,0.9555317163467407
141,"История, рассказанная во дворе моего дома Показывала мне знакомого гнома Рожденного в стенах виброид...","История, рассказанная во дворе моего дома Показывала мне знакомого гнома Рожденного в стенах виброидной формы гандонов Его дом был здесь, убойно делал для знакомых Я ебал в рот бойлера Drago И Ветла знакомого с километрами моего длинного хуя Ветром обоим задуло в ухо Метром ехали пацаны, настроение было душным Так чухло никогда еще не было. Где я? Кто я? Нас было десять, а теперь двое Нас было десять, а теперь двое. Drago, вот мы с тобой у оврага Тебя я трахал раком А как ты меня? Угу... У тебя ",0.6010316014289856,0.3989683985710144,unnatural,0.6010316014289856
142,Мусор мусором Не попал в мусорку И обвис ус На бровях бусинка пота От путинки рвёт в подворотне На з...,"Мусор мусором Не попал в мусорку И обвис ус На бровях бусинка пота От путинки рвёт в подворотне На землю родины От ваших зелий меня воротит И зелени много вокруг Мой галстук заменит жгут Хмурое утро и жуть ватка Лишний шум валит Вождь объявляет привал Сделайте мир потише Я в out Играет КиШ в out Ты видишь что на тебе порвали Выключи, слышь нахуй Светит анафем А фена полных канафин макгаффин За столиком у окна И всё это где-то за стольник надо Хитёр каналья Мотор, кадры На повтор Как бы за всю ху",0.9138669967651367,0.0861329734325409,unnatural,0.9138669967651367
143,"Техник — пошляк Пошёл ты нахуй, Техник  Оу, о, о. Есть повод Есть повод пососаться Взять в рот прово...","Техник — пошляк Пошёл ты нахуй, Техник  Оу, о, о. Есть повод Есть повод пососаться Взять в рот провод Трахнуть куклу Трахнуть Вову Трахнуть Рому Трахнуть Ваню И трахаться с мембраной Мы проебали бычки, терпи Девчонки помазаны кремом, оуе Залипоны Я мазался под шкурой очень поздно Мне было 22 лет, я стал дроздом Абдуларахмана ибна Хоттабыча Нихуя, площадь Ильича О я Трахала Ещё раз и лесбийские игры Нет, нет, нет, нет, нет, нет! И голову, теряю голову И постоянно хочу видеть  Умирается, люди умир",0.8202965259552002,0.1797035187482834,unnatural,0.8202965259552002
144,"Садись  Йоу, МС Половик достался мне недавно. Мы продавцы, вы думаете-те, вы покупаете чебурек из ко...","Садись  Йоу, МС Половик достался мне недавно. Мы продавцы, вы думаете-те, вы покупаете чебурек из коровы На самом деле, там яйца Ромы, которого ёбнули в лесу, под Лобней. Держи леща братуха, нас помни Засовывали хуй в ухо, готовили уху Пару плюх, парил Кипа Как будто в клипе Заложнику кипятка плеснули на залупу Парень, ты тут не ухай, дали понюхать пороху Поню... а... дали понюхать пороху Который мы тоже взяли у Ромы Из бардачка достали пистолет Штакет, пипетку, трубку, пионерку Полграмма фена, ",0.7004048824310303,0.2995951473712921,unnatural,0.7004048824310303
145,"Закрыв глаза, я увидел сон Прекрасный сон, прекрасный сон Как много в нём и радости, и счастья В пре...","Закрыв глаза, я увидел сон Прекрасный сон, прекрасный сон Как много в нём и радости, и счастья В прекрасном сне, в прекрасном сне Я был одной его лишь частью  Наверно, это всё не было напрасно В прекрасном сне, в прекрасном снe Я был всего его лишь частью В прекрасном сне…. Я был пьяный, ты стояла сзади Кто-то в тот момент во мне хотел увидеть крайнего Не обратил внимания, неудивительно И всё кончилось не так уж хорошо Наверно, будет продолжение, без сомнения Которого я ждал уже давным давно Всё",0.5131867527961731,0.4868132174015045,unnatural,0.5131867527961731
146,Псков студия Сижу в карате Чай с лимоном Автоматы выдают Хороший бонус Я коммерс Mercedes-Benz Лада ...,"Псков студия Сижу в карате Чай с лимоном Автоматы выдают Хороший бонус Я коммерс Mercedes-Benz Лада Дэнс Мне нужен шанс Играет шансон Хуяк по заднице Это уже не папа Который идёт ударить засранца За то что он в штаны обоссался Когда увидел собаку А это жестокий удар по яйцам Счастливого пути  Я не играю по правилам Как многие дятлы Которые жуют свою вафлю А мне всё пофигу нафиг надо Так что либо я, либо вы, либо он, либо ты Ты ебёшься неделью А я пять минут ковыряюсь в носу А потом анчоус В то в",0.9847568869590759,0.015243100933730602,unnatural,0.9847568869590759
147,Свита лоховского бреда - равно элита московского рэпа Сто процентов пафоса и ноль дела Ведь это неле...,"Свита лоховского бреда - равно элита московского рэпа Сто процентов пафоса и ноль дела Ведь это нелепо - богатые мальчики, дети в гетто Неинтеллигентно звучит и бедно значит тут всего московского рэпа Все отбросы интернета, боссы грозной this is street life Продолжение проекта, развлечение без кайфа, но жалко Всего-то два человека Пока И только два поганых Майка на века Против двуличной уличной войны Против двуличной жизни  Мы . Мы не истории части Мы не от рэпа запчасти Закройте ваши пасти Мы н",0.958877444267273,0.041122566908597946,unnatural,0.958877444267273
148,"Анальные мази, бездарные мрази Связи, базы данных, волосы-пазлы Козлы те, кто лазит Но не понимает м...","Анальные мази, бездарные мрази Связи, базы данных, волосы-пазлы Козлы те, кто лазит Но не понимает мазы, опасны не мы А вы опасны, пидарасы Вы бездарны, вам пизда - альбом издан Тиражи искры и икра красная, киски Киски рядом, киски задом, киски передом Киски опасны, киски беременны И блять никто не верит в конвейер В конверте переданы данные, даны данные - верим мы Открываем двери - это Kunteynir!. Я хуёвый МС, не умею делать фристайлы Меня это не парит, меня не пиарят Мне на вас похуй, ебу тёло",0.47671785950660706,0.5232821106910706,natural,0.5232821106910706
149,"И только мы сели, блядь, в это... Он достаёт второй, а второй чуть длиннее, и там видать другая трав...","И только мы сели, блядь, в это... Он достаёт второй, а второй чуть длиннее, и там видать другая трава была. Я тебе говорю, я курнул, я пиздец. Я встаю, у меня ноги с руками отнимаются. Я вот так вот знаешь, я руку не чувствую. То есть я заходил в подъезд, когда меня 6 часов держало, просто пиздец, мне хуёво было. Потом я пришёл домой, это, в подъезд захожу. Я тогда, блядь, бросал курить и дома я не хотел, типа, палиться что я курю. Я сигареты, короче, достаю и у меня рука как у робота, знаешь. Ж",0.5237293839454651,0.4762705862522125,unnatural,0.5237293839454651
150,"Это Kunteynir, 2006, парень Отсосы приторчались на моменте Кто-то на ложке варит А ты втыкай этот ал...","Это Kunteynir, 2006, парень Отсосы приторчались на моменте Кто-то на ложке варит А ты втыкай этот альбом до корки На бите как на горке, е",0.9885835647583008,0.011416438966989517,unnatural,0.9885835647583008
151,"Йоу братва, check this out, а? Сидим такие тут епта на хате, ха А, братан, а, братан, братан, слышь,...","Йоу братва, check this out, а? Сидим такие тут епта на хате, ха А, братан, а, братан, братан, слышь, братан. Братан, давай помянем того парня, сheck this out, а? Снюхал первый с сосков Саши, я сказал Хорош мозги ебать, батя, предлагаю тебе отдать опель Опер, отдаёт мне честь, сидя в Газели Две полоски белые замкнулись клемы Она три раза родила Глебу Мудаку, тихо иду по рынку Присунув финку к ребру я под грибами с Анфисой Её рыжая пися и грыжа Я лежу на траве, порохом дышу А в голове шум и лирика",0.5319651961326599,0.4680348336696625,unnatural,0.5319651961326599
152,На теле загорелой шлюшки под гидропоникой Наше с нею порево превратилось в море острых ощущений Когд...,"На теле загорелой шлюшки под гидропоникой Наше с нею порево превратилось в море острых ощущений Когда вместе с Женей любили лошадей у моря У Ольгиных детей ещё не было горя Первый сын очень мерзко помер Он ведь не будет. Жизнь такой казалась девчонке Оле Но ведь Колян драл её без упокоя Вот такой вот простой Живые органы Гондон холостой Ростом один с хуетой У него чирий шире твоей дыры, Ольга Ну нахуя тебе Колька? Китайские кроссовки Модный парень на тусовке Сноровка пидора: Лизать клитор Трахат",0.4586116671562195,0.5413883328437805,natural,0.5413883328437805
153,"Мы тут втроём проёбываемся Кальмар переобулся, chicago red bulls Защеканка, терпкий вкус Наебал гусь...","Мы тут втроём проёбываемся Кальмар переобулся, chicago red bulls Защеканка, терпкий вкус Наебал гусь, мы с вами не сварим кускус Или плюшку заварим гарика С нами шлюшки, парень одевает Stone Island Бляди трясут хуями Раздевается одинокая тварь, на ней трусы паль Это даже не Calvin Klein Тебя либо обоссут, либо отхуярят Эта кепка из Британии или Италии Хуета, мы тут и там Скуриваем блант, лечу катаракту. Ты скурился пидарас, с Guf слушаем транс, или треки Nas'a Нассали на орбиту Nasa, а у меня ко",0.953787088394165,0.046212855726480484,unnatural,0.953787088394165
154,"Йо, йо Палево на палеве, номера старые Салон выдерживает груз, по курсу проходит ровно Обгоняя уродо...","Йо, йо Палево на палеве, номера старые Салон выдерживает груз, по курсу проходит ровно Обгоняя уродов на Линкольнах и Тойотах Подъезжая ближе, там сидит фуфлыжник Трёт свои яйца об свою грыжу Подрезая, обгоняя, следуя по курсу в нужную тусу Подъезжая перед светом, палим Голову склоняем . Копейка Года семидесятые Как в сорок первом танки паркуют в сарае, пьют чай с Тамарой Ем, ей, ей нравится коробка передач моей машины Чешу пизду об шины с шипами зимними Разодрала вагину «Возьмите вазелина» Это ",0.9417778849601746,0.05822204425930977,unnatural,0.9417778849601746
155,"Подобные превращения после употребления спайса - обычное дело, говорят врачи Курительные смеси - син...","Подобные превращения после употребления спайса - обычное дело, говорят врачи Курительные смеси - синтетический аналог марихуанны, влияющий впервую очередь на психику человека Быстрая интоксикация, и, самое главное, быстрое развитие зависимости, состояние достаточно будет плачевным, и придётся их, в достаточном количестве, переводить в психиатрическую больницу. Я качал мысли, купил качан тыквы, кончаются буквы Нет слов, словно мостик, как бритая киска  Как Британская артистка На свадебной церемон",0.6622514724731445,0.3377484977245331,unnatural,0.6622514724731445
156,"Серёг, ты что-нибудь хочешь?. Не хочу. Серёг, хочешь пиво? Серёг, хочешь пиво?. Серёг, ты кончишь в ...","Серёг, ты что-нибудь хочешь?. Не хочу. Серёг, хочешь пиво? Серёг, хочешь пиво?. Серёг, ты кончишь в мыло?. Не хочу, не хочу, не хочу, не хочу, не хочу Не хочу, не хочу, не хочу",0.6157270073890686,0.3842729926109314,unnatural,0.6157270073890686
157,"Йоу-йоу, я посвящаю все свои тексты фристайлу Фристайлу, великому сайту rapstyle.ru Ага, йоу-йоу, аг...","Йоу-йоу, я посвящаю все свои тексты фристайлу Фристайлу, великому сайту rapstyle.ru Ага, йоу-йоу, ага, Техник 2003, 2004, йоу-йоу, ага, йоу-йоу Когда я открываю журнал Сайт фристайл Рэп стайл вам представил Рассказал, kunteynir'a стайл Указывает мне новых масс И подсказывать под рэп Под грязный бит не хватит слога, слогом сломан С детства, скоро здесь будет пиздец И никуда никто не денется Наборы рифм Одеться, Одесса, мать вашу, отец в рейсе Чё за пидерсия? Нас слышит вся Россия Публика синяя, к",0.9818040132522583,0.018196046352386475,unnatural,0.9818040132522583
158,"Раз, два, три, Паша, не тряси! У меня в голове простой Пертуссин Иначе будет скрыт Бля вот такой вот...","Раз, два, три, Паша, не тряси! У меня в голове простой Пертуссин Иначе будет скрыт Бля вот такой вот Мозготрыв судья болит Я не банчу со сливом Отрываю, ем хорошие сливы Может быть даже под Пертуссином Захожу к сухарю и синему Синему, сисилеву До чего же синий этот козел Пертуссиный Вчесал себе это Дааа Мажу жопу вазелином с Машей Ааах, колол вены наши, вены Вот такой вот! Ах! Да!",0.9855072498321533,0.014492779970169067,unnatural,0.9855072498321533
159,"Под землёй рождаются, живут, умирают Туда попадают в рай, умирают Край открывает кран, курит план Я ...","Под землёй рождаются, живут, умирают Туда попадают в рай, умирают Край открывает кран, курит план Я дам совет: лучше курить здесь Нехуево плющит здесь Лучше взять поглубже Kunteynir нужен каждому, кто дважды дунул однажды Это охуенно дыдунуть, насрать на всех! Это трахает для всех и всё. Другая планета Здесь нету солнца, здесь другая планета Другой мир, другая женщина с красивой жопой Раскрывает свою пизду и издэ Я смотрю на звезду, на далекой пизде С детства расставленными фразами Связанными, с",0.9842544794082642,0.015745539218187332,unnatural,0.9842544794082642
160,"Пока никого не взяли, завалили на хату Пацаны и пиздатые ляли, поначалу вместе бодрились Играли в ка...","Пока никого не взяли, завалили на хату Пацаны и пиздатые ляли, поначалу вместе бодрились Играли в карты, всё заебато Потом разбились на пары, нас двое Нас трое, ничто не портит настроя Витя на балконе сочиняет новые слоганы Культурного распития По ходу открывая новые тайны бытия Олег мечется между иглой и Ингой Я давлюсь на кухне бутербродами с красной икрой Запиваю холодным кофе Захожу в комнату и вижу такую картину: На софе Марина с раздвинутыми ногами Между ними голова Андрея С большим количе",0.955712080001831,0.04428793117403984,unnatural,0.955712080001831
161,"Моя душа увлечена. Не солнцем, а луной. Побудь во мгле. И будь нежна. Ты всё поймёшь-ёшь; Всё что мы...","Моя душа увлечена. Не солнцем, а луной. Побудь во мгле. И будь нежна. Ты всё поймёшь-ёшь; Всё что мы с тобой натворили. Сотовый сел, я осел Фен, розовый, я отлечу от кокса На боковое стекло, от скорости летят мои сопли Я парень опытный, тут сосед говорит шёпотом: Что тут DOB? Щупальца младенца за помпу Розовый такой, не опытный Мне его Prada  Далее, на рынке наши правоохранительные органы Берут бабки горами, а Егора загребут на зону в кутузку В камеру узкую и будет грустно, у тебя было узко Уже ",0.4475109875202179,0.5524890422821045,natural,0.5524890422821045
162,Хочешь понять текстовую волну? Не ходи на войну с Мазуриком Лучше уж гасить спирт из фурика Или наст...,"Хочешь понять текстовую волну? Не ходи на войну с Мазуриком Лучше уж гасить спирт из фурика Или настойку клюквенную С местной проституткой в подъезде Потом по полю на мопеде голышом Не дай бог роддом Поэтому кормитесь дети ртом Вылизывая сперму из гандона А у меня мопед клёвый, пилот ёпта Он как самолёт, нужен ремень при взлёте В аэропорту знакомая тётя Фроня Она меня как родного пропустит А я типо капусту везу, парней порадую ********* Сижу в Лефортово Ку-ку, ау-у",0.7101380228996277,0.28986191749572754,unnatural,0.7101380228996277
163,"Хорош, присядь Вась, на стул Сутулый майор сегодня с нами дул Брал круглые и гидру Федор привез пару...","Хорош, присядь Вась, на стул Сутулый майор сегодня с нами дул Брал круглые и гидру Федор привез пару гномов Есть что-то, если что - есть мутка на твёрдый Нажатием пальца на клавишу телефона Она берет трубку пока гномы ебут её грубо Звонок в дверь, в глазке незабудки Из северного Бутово приехали к вам Никогда не забудешь ублюдков от туда  Едут на футбол в кедах Ben Sherman Гулька насрала на воротник Что ты делаешь Порча проникла, шинель от Lonsdale Звоню Чипу, потом Дейлу Несу чекушку, мутим белы",0.6319522857666016,0.36804768443107605,unnatural,0.6319522857666016
164,"Kunteynir, Основа Тупая система Бегущая строка Накормит изменой Собакой Павлова Сама ты падла, блять...","Kunteynir, Основа Тупая система Бегущая строка Накормит изменой Собакой Павлова Сама ты падла, блять! Тут факты подавай Сука в коридоре извергала непонятную массу из пасти Всем здрасте! Е!",0.47906652092933655,0.5209335088729858,natural,0.5209335088729858
165,Вчера зашёл красиво Чуть доебсти И его уже от этого не спасти Куда бы её увезти? В больнице она лежа...,"Вчера зашёл красиво Чуть доебсти И его уже от этого не спасти Куда бы её увезти? В больнице она лежала, у неё походу были глисти (-Ахахах, чё ещё чё? А, она слушает Misty Она очень любит Misty И упала со скейта, встала, и все ей в рот ебсти А ещё она пьёт Ice tea Она любит Ice Tea, музыку Айс Кьюба Бородатого гэнгсти Так, Nestle, Nestea, слышь, член подсласти Она его губами возьмёт, и всё будет в рот - компот Новости, да Немножко ей надо Сухаря в попку отъексти  Чтобы она читала как Misty  А теп",0.6793152093887329,0.3206848204135895,unnatural,0.6793152093887329
166,"Йоу братва, check this out, а? Сидим такие тут епта на хате, ха А, братан, а, братан, братан, слышь,...","Йоу братва, check this out, а? Сидим такие тут епта на хате, ха А, братан, а, братан, братан, слышь, братан. Братан, давай помянем того парня, сheck this out, а? Снюхал первый с сосков Саши, я сказал Хорош мозги ебать, батя, предлагаю тебе отдать опель Опер, отдаёт мне честь, сидя в Газели Две полоски белые замкнулись клемы Она три раза родила Глебу Мудаку, тихо иду по рынку Присунув финку к ребру я под грибами с Анфисой Её рыжая пися и грыжа Я лежу на траве, порохом дышу А в голове шум и лирика",0.5319651961326599,0.4680348336696625,unnatural,0.5319651961326599
167,"Когда я тебя впервые встретил, мир притих и замер Ветер, и звезда зажглась на небе Жаркими днями и н...","Когда я тебя впервые встретил, мир притих и замер Ветер, и звезда зажглась на небе Жаркими днями и ночами о такой, как ты, всю жизнь мечтаю Ты словно солнце, первый луч в мраке чёрных туч Я с тобой рядом, я ласкаю тебя взглядом, нам с собой не расстаться Вот только почему так получается? Точки над «и» расставить не получается, главное — не отчаиваться Печали и слабости, пойми её, и от грусти ничего не останется Жизнь долгая, в ней много может быть нового Это ода нашей любви, ты незабываема, как ",0.9851393103599548,0.014860696159303188,unnatural,0.9851393103599548
168,"Раз, два, три МС У контейнера Техника неспелого Без мешка для сбора пыли эта шмаль придумана в Росси...","Раз, два, три МС У контейнера Техника неспелого Без мешка для сбора пыли эта шмаль придумана в России под названием Я иду по трассе, почти у власти, по району разбрасывают всякие разные масти Ненасти, прелести, срасти Иду по трассе, по трассе, эй, эй, эй, Техник, Техник, Техник, Техник.",0.46552619338035583,0.5344737768173218,natural,0.5344737768173218
169,"– Подставить стул ей надо было – Да, два стула, как минимум – Скорее костыли – Чтоб ветром сдуло, кр...","– Подставить стул ей надо было – Да, два стула, как минимум – Скорее костыли – Чтоб ветром сдуло, кресло У Кресмана в подъезде – У Володи с лесом, на голове, у кресла",0.8504795432090759,0.14952044188976288,unnatural,0.8504795432090759
170,"Йё, йё Йоу, мой друг припадочный тип, а Короче, спросите когда записываться . Я ебал в рот своего др...","Йё, йё Йоу, мой друг припадочный тип, а Короче, спросите когда записываться . Я ебал в рот своего друга У него подруги потные твари Бляди сраные и шмары блять Он дрочил около моего гаража Там ганжу продавали парни старые Молодые, сраные Там же были малые, драные, сраные Мой друг припадочный, мой друг припадочный Я кашляю под Касту, мой друг припадочный Пидор сраный, он косит под Касту Сейчас он войдет вет бледный, он бедный У него нет денег на штаны, он медные Копейки Жрёт, срёт, суёт в жопу Пот",0.7527597546577454,0.24724026024341583,unnatural,0.7527597546577454
171,"Он вышел из подвала, как Lucky, накинь Намазал века и точку G Накидал в штаны Гагр, Васёк был франт ...","Он вышел из подвала, как Lucky, накинь Намазал века и точку G Накидал в штаны Гагр, Васёк был франт from Акра Я сразу просёк: когда я трахал Юлию У неё из сморчка вылез дьявол весь в вафлях По ковру валяется. Ты ли? Вот смазка Малину залил, всех моих братков зовут Налим Марину потянуло на урину, но фраеров на романтику Купил ей Snickers, при мне сразу весь запихала в рот Потом дома ела бутерброд с повидлом По видимому спиздила женские сапоги у меня Говорит: петь рэп в лом Сказала: у меня проклад",0.5405224561691284,0.45947757363319397,unnatural,0.5405224561691284
172,"Ага, арр, арр, ага, ага Kunteynir атакует большим хуем Снимай штаны, дружок, вместе потанцуем Встава...","Ага, арр, арр, ага, ага Kunteynir атакует большим хуем Снимай штаны, дружок, вместе потанцуем Вставай в кружок, угощай меня планом Прости, мама, но сейчас я в говно и с бананом Марихуана в раме, а я ранен Да и еще с каким-то Мочу куплетами как пистолетами Летом на пиздолете Время идет вперед, а вы орете Кто-то побежал жаловаться тете Мы, мы ебем стадо Вы корову ебете Мы ебем стадо, вы корову ебете Нам не надо слез всерьёз Словесный понос много денег не принес Держу нос по ветру, хуй как рогатку ",0.6887046098709106,0.31129539012908936,unnatural,0.6887046098709106
173,"... наоборот Здравствуй мама, плохо, ем мало Витя заебал меня, покупать баяны Пакованы менять на гри...","... наоборот Здравствуй мама, плохо, ем мало Витя заебал меня, покупать баяны Пакованы менять на грибы Мы были бы сейчас в хлам. ОвёлыбоБ ылокш й-337 ялетичУ ЯилотанА иимотана зИ Аноирбмэ оговирк огеом оголиМ Агоб идар етидус еН Оге етитсуптО АволепоС адус иревд у ямерв отэ в акнёбер яажор ,алирев ежот анеж авёчагуП Ярбятко еомьсоВ Илирев ,тнив илираВ ЯирелаВ и натлуС Томродип йынневтссуксИ. В Москве зима хуячит, градусов на минус 30 И нихуя, это традиция, традиция  . Мониорег лавогрот нО Ениарк",0.9859743714332581,0.014025567099452019,unnatural,0.9859743714332581
174,"МС Плов был на прошлом альбоме, а Привет, соски, твоя пизда воняет очень сильно Тебе звоню я на моби...","МС Плов был на прошлом альбоме, а Привет, соски, твоя пизда воняет очень сильно Тебе звоню я на мобильный Вижу Игорю Вижу так же Митю и Сидора Сергея Спиридонова спиртом,бля Вчера его нашли без парток Он был отодран в пупок Тебя зовут плов Mc Меня зовут плов Mc Меня зовут плов Mc. Ты ешь грушу,и не ссы У тебя жопа в инее,порваны трусы Ты - мудак,ссышь У тебя бакенбарды И голова в прыщах Чё я сказал?. Mc плов зассал себя Mc плова не раскачала эта тема Как хуёво, как хуёво Тёлка трогала его тело П",0.8569090962409973,0.14309090375900269,unnatural,0.8569090962409973
175,"А то будет слышно А? Он не курит шишки. Московский картофель Хрусткий, cibulita, и сметана вырублена...","А то будет слышно А? Он не курит шишки. Московский картофель Хрусткий, cibulita, и сметана вырублена в Росе Вот русский продукт Роси, 107-143, Москва, Пермская-1 Склад картофеля, Оля, рослина сель-Cibulita Ёмкость и крупу, и петрушки, подсиливать смаку и аромату Глутамату натрия кислота молочната Натуральни и идентичени Натуральним ароматични Рицовники, курмача, термен пиродача Пики месяцев, сберегите и терметите Не выше 20-ти, це надвиднасте галасте Повитрясте не большести 75-ти. Он не любит чи",0.9345253705978394,0.06547461450099945,unnatural,0.9345253705978394
176,"""Это все мое, родное"". Роман у меня с разливным Отхожу, но не надолго Еду восвояси на экспрессе наве...","""Это все мое, родное"". Роман у меня с разливным Отхожу, но не надолго Еду восвояси на экспрессе наверх И домой успеваю, главное поспать Поебать, даже если это летающая страна без аэропорта 5/2 на иголках, только ТТК с горлышком До Питера лететь мне час, мне похуй, два даю максимум Жопа полная, с области, нет связи Постоянно-постоянно сапсан опережает Перевозка кота первым классом Время косарь, зря не тратим Выбор паровоза или угольный рельс Сургута Подругу вынесли под руку Похую, держи пожрать, ",0.7236859798431396,0.27631404995918274,unnatural,0.7236859798431396
177,"А на улице дождь, вижу брошенного человека Наверное вмазался не глядя чем-то, с кем-то В моём районе...","А на улице дождь, вижу брошенного человека Наверное вмазался не глядя чем-то, с кем-то В моём районе живёт Ленка, вмазывается со всеми одновременно 8:00, начинается смена. Одеяло, халаты и фуражки В кармане постоянно на пару напасов с соседом Пашкой Брошенный человек отнял у меня фуражку У Ленки сотовый, а на что же купить патиссоны?. Время на бизоны, на что-то надо жить Я отнял фуражку чтоб в ломбарде заложить Жить, не тужить, и не тянуть резину Бежать куда глаза глядят, скидывая шины. Мусора н",0.9585018754005432,0.04149816185235977,unnatural,0.9585018754005432
178,"Я устал видеть ваши жалкие рожи в метро Хотя сам еду на скейтборде за трамваем Не ищи смысла там, гд...","Я устал видеть ваши жалкие рожи в метро Хотя сам еду на скейтборде за трамваем Не ищи смысла там, где его нет В толчок провалилась котлета Был в кепке, на Kunteynir билет Теперь, теперь его там нет Это было прошлым летом Жопа разъёбана порошком Болит мошонка и чешется губа От шотов с содой Вокруг лайма кружат осы Обросов, верни ОБРовку Тёлка уехала на колёсах с пиздатой жопой Нужно немножко времени, чтоб уложить её на капот Ёмаё, она ебашит струёй Я знаю о чём говорю Был сквиртологом между ног П",0.6893652081489563,0.3106347918510437,unnatural,0.6893652081489563
179," Едем на выезд, на выезд едем, мы, а Да, тачка... . Утро, Москва, Сатурн-Динамо, едем в Раму, Леса, ..."," Едем на выезд, на выезд едем, мы, а Да, тачка... . Утро, Москва, Сатурн-Динамо, едем в Раму, Леса, природа, Гоша Куценко играет в колонках Молодо выглядят игроки только игры в футбол И их форма обосрана; Игроки среднего звена забивают в свои ворота гол Я купил билет на правый сектор от ворот У меня отворот, меня спасает бело-голубая роза Я не верю, что терпят поражение в Гродно Футболисты противоположной трибуны - пёзды Сатурн - мудаки, кричим мы! У вас играют одни гуки! Ссым в одну урну и рако",0.43453335762023926,0.5654666423797607,natural,0.5654666423797607
180,"Как Где-то Раз Йоу Паша, заходи ко мне,будем читать Ты согласен? Нет,я не квасил с Васей Он не прайс...","Как Где-то Раз Йоу Паша, заходи ко мне,будем читать Ты согласен? Нет,я не квасил с Васей Он не прайс Ты Он знает в Проститука - та утка,которая дала тебе сегодня гаша,который ты курнул с утра Иди в пизду,пизда,я тебе не знал Ты - припадочный Тебя припадками Учили в тапках бабки,они не нюхали,на,на травках Траур Ко мне Рэп тусил Тусил, пил Косяк заколотил Со мною в подъезде дал И жрал тусин Тусин?я тусин не жрал Я просто тебе сказал,открыто В глаза,я тебе не врал Понял Что ты каркаешь,здесь? Пошё",0.9846490025520325,0.01535102166235447,unnatural,0.9846490025520325
181,"Ае, захавать cream, motherfuckers Захавать cream. В голове маразм, вспоминаю старое Хочу начать всё ...","Ае, захавать cream, motherfuckers Захавать cream. В голове маразм, вспоминаю старое Хочу начать всё сначала Так, как было раньше Куражи и фарш, тусы на крышах Широкие штаны, никаких кружков Только форум хип-хопа Да и пёрло по-другому, не то, что сейчас Спирт палёный, все передвижения в облаке А раньше хуёво становилось с одного **** Мало кто вспомнит Движения на улице были достойные Вагончик тронулся, а пассажир остался Всё это приводит к тому, что начать надо с чистого листа И не так важно само",0.7844840288162231,0.21551597118377686,unnatural,0.7844840288162231
182,"А, а, , е Первый раунд. Автобиография, мемуары Хорошие воспоминания И просто шмары Помню, давали жар...","А, а, , е Первый раунд. Автобиография, мемуары Хорошие воспоминания И просто шмары Помню, давали жару Не стали бы бомжами Автобиография, мемуары  Помню давали жару Автобиография, мемуары. Помнишь, как сосала хуй ты у меня? О да, я тоже это помню И с каждым днём на волю выхожу Я покажу пару примеров вверх Чтобы быть пел И чтобы не глотать сперму Прости, но нету слов Чтобы выразить, вырасти-, вырастить куст конопли Чтобы всех спасти смог И накрыть блат Тот, тот кому доктор впустил в долг Чтобы не ",0.9873359799385071,0.012663966044783592,unnatural,0.9873359799385071
183,"Пойми меня, пойми меня Когда я пьян - накурен план Когда глаза стеклянные Когда я синий при лавэ. По...","Пойми меня, пойми меня Когда я пьян - накурен план Когда глаза стеклянные Когда я синий при лавэ. По ночам делать вроде нечего Вот вам история одного вечера Порим суку беспечную На локал медию - песни охуенные По рифмам и текстам  На копье по дровам Ломаю дрова бампером Врубаю заднюю и вижу: Летит мозг с кардана. А у меня гидры грамм, поехали к парням Через бит и тон разбило Позже ещё замутим . Кроет крышу под дождём Я летом с косяком в руках Я начал мыть подъезды с 8-го класса Моя история - как",0.9461318850517273,0.05386803671717644,unnatural,0.9461318850517273
184,"Двое типов на интерес, в прикол, в карманный бильярд Такой рот — один на миллиард MasterCard, Visa П...","Двое типов на интерес, в прикол, в карманный бильярд Такой рот — один на миллиард MasterCard, Visa Пока я картой пудру ровнял — яйца мне нализывала Давай сделаем это по-быстрому Волшебство в музее Adidas Gazelle, ""Стоник"" поло Встреча в школе Говорят, в первый раз в жопу больно От заразы — презер В натуре, как молодец Напичкал свинцом твою каменоломню Насколько помню, как кот в сапогах Так грибок на твоих ногах — хуйня ВИЧ у меня, тубик крытый Но если чё — отсыплю шалы Хочу приготовить тебя, как",0.9872182607650757,0.012781749479472637,unnatural,0.9872182607650757
185,"Вырастить куст конопли! Вырастить куст конопли!. Сидим в бункере, уминаем булки Здесь звуки гулкие, ...","Вырастить куст конопли! Вырастить куст конопли!. Сидим в бункере, уминаем булки Здесь звуки гулкие, пьют и курят Избавляются от скуки, вечно в говно По жизни в плотном кумаре Нет, ну мы не наркоманы, просто ежи в тумане Тут в подземельях мало света, много дыма На наших лицах нету масок и гривы Всё правдиво, всегда избыток смеха и отборного бреда Много ответов, и нету нихуя вопросов Дешёвые понты, закосы Ни грамма фальши, а много киллограмов ганжи Запрещаемся пивом плотно и едем дальше. Смотри, а",0.9450440406799316,0.05495593696832657,unnatural,0.9450440406799316
186,"Грузинский шашлык, красивая ситуация У моей девушки менструация, я ей читаю нотацию Иди нахуй, слышь...","Грузинский шашлык, красивая ситуация У моей девушки менструация, я ей читаю нотацию Иди нахуй, слышь, братиш. Я копчик разъебал с ходу заднеприводному В мусарку 3 привода Почему на районе мутят хуйню? Я говорю мусору, стебусь ""Чувак да я тебя ебу, чувствую"" Теперь что наслаждаюсь, сколько можно воровать безнаказанно? Как училка в школе указкой объясняет тебе наглядно перед одноклассниками. Эй братан, по чем телефон брал? Вчера проебал У меня в говне гандон Слышь заноза, прохожу седой в космос Го",0.5081892609596252,0.49181076884269714,unnatural,0.5081892609596252
187,"Здесь так много важных строк.... Прошу тебя, дружок, дослушать наш альбом До последних строк, напряг...","Здесь так много важных строк.... Прошу тебя, дружок, дослушать наш альбом До последних строк, напрягись, и ты поймёшь Как мир широк, ведь ты не одинок Я уверен, ты поймёшь всё с первых нот Суть важного: здесь всё практически правда, реально В нём много злости, секса, и наркотиков Только не отмазывайся, что ты не так живёшь Тогда либо ты дебил, либо лох, сделай вздох Прими к сведению, извлеки урок полезный Не знаю что ты усёк, но я сказал всё верно",0.4312330484390259,0.5687669515609741,natural,0.5687669515609741
188,Каждый хочет бабу  Каждый хочет бабок Каждый  хочет бабу  Каждый  хочет бабок Каждый  хочет бабок. К...,"Каждый хочет бабу  Каждый хочет бабок Каждый  хочет бабу  Каждый  хочет бабок Каждый  хочет бабок. Каждый хочет бабу Кот ссыт в тапок Любитель  хип-хапа Повар испачкал фартук Не будь мутантом Упал в ночь Ивана Купалы, вся деревня бухала Кокс с носа вытирал об рукав Не спускай палец с курка Пускай все бухают Огни города потухают Крутили вертухая, но нам плевать на это, парень В двоем одного пиздюка обуваем, так бывает Каждый отдыхает, как хочет, но это опасно... очень - выходить на улицу Миша Пог",0.5871535539627075,0.4128463864326477,unnatural,0.5871535539627075
189,"Спетуш Moscow City ЦСКА ненавидит Спарта-а-а-а-а-ак! Ненавидит Спартак ЦСКА ненавидит, ненавидит, не...","Спетуш Moscow City ЦСКА ненавидит Спарта-а-а-а-а-ак! Ненавидит Спартак ЦСКА ненавидит, ненавидит, ненавидит Спарта-а-а-а-а-ак! Ненавидит Спарта-а-а-а-а-а-а-ак Спартак, Спартак Ненавидит ЦСКА ЦСКА! Ненавидит ЦСКА Спартак Воу, воу, воу, воу, воу, воу!. А какой в этом смысл? Спартаку ЦСКА ненавидеть Если сборная ваша На неё больно нам всем смотреть Её видеть Выступления на международной арене Какого хуя нам её ненавидеть, если мы играем как гении!. Нет футбольных мастеров Закончилась, закончилась и",0.9866379499435425,0.013362093828618526,unnatural,0.9866379499435425
190,"Новый формат в переиздании, рэп другими словами Оказали влияние, в массы вылили Хуле вы так вылупили...","Новый формат в переиздании, рэп другими словами Оказали влияние, в массы вылили Хуле вы так вылупились? Цирк дю Солей С нами не соскучитесь С Урала тучи спустились Vibe, Jahmal, Триагрутрика и АК Хули тут ещё скажешь?  Едем далее, мы не считаем номинал Дайте вилку лошку, лапшу с ушей собрать Я давно употреблял, наладил связь с перевалом Там всего навалом Ну и ввалят, если что, порядком нормально Кривое зеркало или на ебле стелька Гуф в колонках стелет Яблоки на снегу, время по кругу Наложили обр",0.6739515066146851,0.3260485529899597,unnatural,0.6739515066146851
191,"Я-я Йоу-йоу ,а кому-то Носитель А А кто-то. Член в руке В жопе вдалеке Я вижу налегке Мой воздух гот...","Я-я Йоу-йоу ,а кому-то Носитель А А кто-то. Член в руке В жопе вдалеке Я вижу налегке Мой воздух готов Просто идти Во время Хотел найти Звёзды,эти звёзды Кому-то,будто бы Хуюпта В жопе вдалеке Шлюха, Мой воздух Без Хотел,хотел Эти звёзды Вот он,готовый Сергей Шнуров Хуяритводку уже подругами Шлюха Болеет карантином Эй Готов Сергей Он хуяри- Шлюх-шлюхами Не от меня По голове дрочить. Чё Ничё,нормально Йоу-йоу-йоу Искусственный пидормот Валера 8 марта,кто-то чешет залупу,а кому-то не надо Носители",0.9520303606987,0.04796969145536423,unnatural,0.9520303606987
192,"Зачем стоишь? Губа не дура Я кашляю Нас окружают каштаны, мне страшно Bad trip, кошмар, было сначала...","Зачем стоишь? Губа не дура Я кашляю Нас окружают каштаны, мне страшно Bad trip, кошмар, было сначала жарко Под кожу два куба черняги, глаза сужены Заранее купил острые ножи, тем же вечером в душ Как ниндзя, изящно сниму кожу Подкожный жир - это твои грехи - сбрось их Прыгни на турник В нэте анаболик заценил Меня зацепило Внутри неугасающий пыл В комнате пыльно От стабильности след простыл Ты слила краску и убрала холсты С виду ты русская, метро Белорусское Касаюсь к тебе, притирюсь Слышал, ты по",0.9854087233543396,0.014591312035918236,unnatural,0.9854087233543396
193,"Тебя притягивает к компьютеру 0 байт, 0 секунд, 65, 43, два нуля ___ пузыря, и немного пороха Вмазат...","Тебя притягивает к компьютеру 0 байт, 0 секунд, 65, 43, два нуля ___ пузыря, и немного пороха Вмазать в туалете Макдоналдса Уважай мою эстетику Хочешь стать похожим? Подняться если что поможем А, стать Карлсоном и жить на крыше Дышать запахом шишек С тёлкой пышной Её тело как-будто дышит На ветру мне колышет Она же пышная Купил винишка и немного шишек Какой-то храп вроде слышу Ведь я МС Блёв, тусуюсь на крыше. Сейчас в иримшике варим гашиш По паре крышек для наших Максим Синицин курит KLAN Comed",0.6261290907859802,0.3738709092140198,unnatural,0.6261290907859802
194,"Йо, раз, два, три Бывает такое, что нет алиби Ни у тебя, ни у него Похуй на всё, но мы живём, живём,...","Йо, раз, два, три Бывает такое, что нет алиби Ни у тебя, ни у него Похуй на всё, но мы живём, живём, живём Вот так вот. У нас есть алиби Когда магазин грабили, товар сплавляли, от улик избавились Было время, не спорю Получили поровну С дела номер 7 мне был вынесен приговор И всем, кто был со мною Качая головою, закрыли за мной решетку Но я не помню, был под водкой На судью пока что похуй, я спокоен, зная Что всё нормально будет Что прокурор залупу студит Что все дела закрыты будет Что будет праз",0.8033481240272522,0.19665181636810303,unnatural,0.8033481240272522
195,Микрофон записывает порнуху Он записывает... пор... ну...ху Поднимите руки высокие Мы подавали свои ...,"Микрофон записывает порнуху Он записывает... пор... ну...ху Поднимите руки высокие Мы подавали свои стуки Вас не взяли в институты Потому что ваши руки очень даже не просты Побрей усы  Корчишь лыбу, да ты не ссы А ты не ссы. Хуёво, не пизди И если ты вырастишь Ты вырастишь гадом Пизды дать, будешь наградой Для своих детей, ты гей, ты блять пидарас Ты чо ахуел? Ты вьебашишь мне по ебалу, да? Такая музыка играет в мусорк... да-да-да Не удаётся смысл передать без звука Хип-хоп арифматура Хип-хоп ар",0.8505637645721436,0.14943625032901764,unnatural,0.8505637645721436
196,"Сигарета в зубах, ночь на дворе Пытаюсь нащупать спички в кармане Искаженная тень на сером асфальте ...","Сигарета в зубах, ночь на дворе Пытаюсь нащупать спички в кармане Искаженная тень на сером асфальте Заставила сделать три шага дальше Дым, попавший под свет фонаря Очеркнув границу своего свечения Покружив немного, на секунду застынет Потом испарится, бля, я че, влюбился? Ну да, по ходу дела так бывает, парень Но ты не парься, все нормально Если че не так – говорят, что время лечит раны Так что все ништяк, ничто не постоянно Двадцать белых роз, одна красная Бог видит, я желаю тебе счастья Сегодн",0.8537361025810242,0.14626385271549225,unnatural,0.8537361025810242
197,"Гудбай! Избитый вид, ты впитываешь счастьё Улыбка на лице, на зубе не поглубже Боль при оргии на душ...","Гудбай! Избитый вид, ты впитываешь счастьё Улыбка на лице, на зубе не поглубже Боль при оргии на душе Как всё так получилось? Не знаю я и сам, но всё вокруг погано Скажу друзья и вам: Живёшь? Живи! И жить давай другому! Гудбай, я обратно в кому!. Ну всё ребятки, гудбай, я обратно в кому! Ты впитываешь счастье",0.5104264616966248,0.48957356810569763,unnatural,0.5104264616966248
198,Ааа не отбить бока. Расцветают маки В бараке у каждого партаки Есть даже зэки из Киева Уже не качают...,"Ааа не отбить бока. Расцветают маки В бараке у каждого партаки Есть даже зэки из Киева Уже не качают петухов треки Иезекииля На языка у Ильи угри В топку закинул угли А помнишь, как раньше любили есть Унаги-Маки? Помнишь, как мы уминали нахуй? Пакуй свою рубаху - мы все пойдем по этапу Бухаем брагу тут В столовой овощное рагу Жру эту хуйню и прям ржу не могу Че-то прихватило живот, мать твою за ногу Эх, начать бы все заново На адвоката деньги заняли, сначала, вроде, замяли Но, на самом деле, он ",0.8694005608558655,0.13059939444065094,unnatural,0.8694005608558655
199,"Александр Владимирович Потапов, вот он, перед вами стоит, он приехал по просьбе инициативной группы ...","Александр Владимирович Потапов, вот он, перед вами стоит, он приехал по просьбе инициативной группы вашего дома, которую возглавляет председатель домового комитета. Тут самые замесы лютые Пока ты далеко стоишь в твою жену все хуй суют Какая разница, плейбой, ты просто блять стой Прежде чем на волю родился был наказан пиздой Такие треки аморальные, стереть закон было Да что ты знаешь, терпила, о том, как делать бомбу Все бесятся в инете, типа такой рэп расстроил Ебать вас в жопу раз триста, плохо",0.2890414595603943,0.7109585404396057,natural,0.7109585404396057
200,"Безбашенные МС - соси! Рифмы и басы, мои ударные бьют в башню, обсажены Наверное клёвые, наверное но...","Безбашенные МС - соси! Рифмы и басы, мои ударные бьют в башню, обсажены Наверное клёвые, наверное новые рифмы у меня!. Слушай нас, слушай нас Пишут сроки, повышаю бас без мороки А кто не понял - ломаем ноги Делаем ставки в игровых автоматах Разводим лохов на бабки, рвём глотки Фанатам в парке снятую одежду меняем на бабки Тёлки пьют пиво, стреляют глазами Мне нравится когда они открывают бутылки зубами Ни один день, ни один час - мы будем класть на вас. Это столичные рифмы, столичный хип-хоп Я ч",0.6833562254905701,0.31664377450942993,unnatural,0.6833562254905701
201,"Lucky, Lucky, Lucky, LuckyProduction Ребят, я больше так не буду! Это Lucky Я больше так не буду! Lu...","Lucky, Lucky, Lucky, LuckyProduction Ребят, я больше так не буду! Это Lucky Я больше так не буду! LuckyProduction Йоууу Kunteynir!. Эй, ёба Давай приколим парашют из двух литровой кока-колы Район Лефортово все помнят Эти звуки поздней ночью не дают покоя твоему очку В руке розочка, в кармане хуй На базаре какой-то петух резанул трулики Пустили его на шаурму, так уж вышло, хули Юлий Долгоруков поднял руку Ваш рэп — залупа, а Kunteynir нужно слушать Галактика такая штука Чёрная дыра как загадка дл",0.6197348237037659,0.38026511669158936,unnatural,0.6197348237037659
202,"Только не говорите,что некоторые там погибли в Брэдфорде  Чисто-условно Называется Ну Что раньше был...","Только не говорите,что некоторые там погибли в Брэдфорде  Чисто-условно Называется Ну Что раньше был,был Был этот Короче,они раньше,ну раньше встречались перед выездом в Киев Значит,да,а таковых было очень много Ну мало, Высоты,слой,вниз головой Или в поколение А перемах - это Обычное дело сейчас,но,а затем ещё появится год в этом году А, такое, что потом запоминается и передаётся,скажем Если можно так Из уст в уста,из поколения в поколение Какие матчи могли вы вспомнить Ну самый крупный из наше",0.9566400051116943,0.04336003214120865,unnatural,0.9566400051116943
203,"Где же ты, где Звездочка алая? Где же ты, где искорка малая? Где же ты, где чувство глубокое? Счасть...","Где же ты, где Звездочка алая? Где же ты, где искорка малая? Где же ты, где чувство глубокое? Счастье далекое где же ты, где?. Тебя притягивает к компьютеру. Да ладно Парни,не парьтесь Йоу Чё за хуйня? ""Смех""",0.38417530059814453,0.6158246994018555,natural,0.6158246994018555
204,Сперма в жопе сбилась Сперма Спер— Спер—. Если нужен насвай — звоним Раскольникову Снимаемся в порно...,"Сперма в жопе сбилась Сперма Спер— Спер—. Если нужен насвай — звоним Раскольникову Снимаемся в порно на фоне советских ковров Снимаемся в порно на фоне советских ковров. Если нужен насвай — звоним Расколу, снимаемся в порно Если нужен насвай",0.544745147228241,0.4552548825740814,unnatural,0.544745147228241
205,"Мы режем наш первый арбуз, мой первый астраханский арбуз Яна, ты пьяна, сними обувь, сними бабки с к...","Мы режем наш первый арбуз, мой первый астраханский арбуз Яна, ты пьяна, сними обувь, сними бабки с карты, Ян Раздвинь ноги под партой и покажи мне пизду И всем парням прям на паре Под Kunteynir всем давала полапать свой анус Улица Академика Янгеля адрес Короче, я от тебя съебываюсь. Астраханские арбузы имеют очень странный привкус Вдруг, укус кожаной змеи Извини, но уже нет выбора И либо ты все пойми, либо в меня выстрели Не могу собраться, если под дисками Нарезка колбаса-салями Кальян и быстры",0.4867766797542572,0.5132233500480652,natural,0.5132233500480652
206,Очко жмет у тебя Когда видишь меня лицо Хотел как лучше Но мы на улице И ты наюзана Смотрю на твое д...,"Очко жмет у тебя Когда видишь меня лицо Хотел как лучше Но мы на улице И ты наюзана Смотрю на твое декольте Там бусы Пойдем выпьем в кружке На плазме футбик Помнишь, ебал тебя в бутсах? Эй, не бузи , мусор Сегодня меня подруга тусит А я в образе После снежка подморозило Чешишь носик, растираешь по деснам Как будто это сон все И мы не проснемся Но, я по-прежнему с тобою, солнце Тазик японский Похуй , что в салоне воняют носки Нас кинули Но у меня осталась плитка с того кила В кал водила В сапогах",0.9552710056304932,0.04472897946834564,unnatural,0.9552710056304932
207,Паша Техник и Godia Че за хуйня А. А Парни обоссались в подъезде от Strike'a В районе живота порвала...,"Паша Техник и Godia Че за хуйня А. А Парни обоссались в подъезде от Strike'a В районе живота порвалась борцовская майка Я бы жил на Ямайке, но только что проверил закладку  Бывает принимают И отношения с родными, нихуя не гладкие Кормил стерву шоколадкой Губы красные, яркие Пизданул бомжа пяткой У него ебало все в пятнах Паша Техник сделал тройное сальто Это невероятно Пролил сок, томатный Охуел от аромата бомбиты Хуй встал, и я попросил у неё номер мобильный Осадки обильные обещали, но мне как-",0.8520800471305847,0.14791998267173767,unnatural,0.8520800471305847
208,"АУЕ , жизнь ворам Привет Intigam Е,е,е. Попросили зачаток Мой отпечаток знают в Бронницах Поезд трон...","АУЕ , жизнь ворам Привет Intigam Е,е,е. Попросили зачаток Мой отпечаток знают в Бронницах Поезд тронется Электроника твоих почек Пирсинг на сосках Потерялся в соснах Тёмный лес, соска Собирай хворост , щас разведём костёр Сосиски на шампур Сегодня ты халтуришь натурой Завтра каламбур - твоя жопа кобура Твоя конура всегда на ура На районе уже с утра народ толпится в проёме Твоя жопа в проёбе, это старый приём Ты выглядишь как будто переёбан поперёк Штырит от йогурта За верёвкой в ларёк Мои лёгкие",0.8965789675712585,0.10342104732990265,unnatural,0.8965789675712585
209," Для тех, кто в кедах: Направлю мысль слепых Пыхтел около метрополя С фанатами Стаса Пьехи Потом на ..."," Для тех, кто в кедах: Направлю мысль слепых Пыхтел около метрополя С фанатами Стаса Пьехи Потом на выезд Слились типы со стафчиком Прикололись сальвии «Паша Техних нас накурил» Я пересрал А он кричит «Камеру доставай» Это я на кассе Сняла трусы с себя Они как повязка у Черепашек Ниндзя Сосала жадно Что даже захлебывалась Почуял вкус крови Лежишь на кровати Ухожу Ждёшь второго-третьего. Свинья не львица, свиноматка — волчица В голове штиль . Писал на докторскую , а ты на первую Но потом любовь з",0.9835188388824463,0.01648120954632759,unnatural,0.9835188388824463
210,"Эй, Йоу, Йоу  Как пиздато кататься на Лексусе От Москвы до Лас-Вегаса Пишем новые песни, как было ве...","Эй, Йоу, Йоу  Как пиздато кататься на Лексусе От Москвы до Лас-Вегаса Пишем новые песни, как было весело, вокруг плесень И нехуй ко мне лезть Перемены времени Хочется матом потэгать И покататься на велике И вылизать манду Веры Я неверный, вертел всех на вертеле Впереди две дороги белые Ход конём во времени Шах и мат поколеньем Все на колени лепят пургу Хочется кого-то нагнуть Но не могу проснуться Бубенцы прилипли ко лбу курицы Голова кружится На ляжках кружева Свадьба в стиле андера — история д",0.9864831566810608,0.01351681724190712,unnatural,0.9864831566810608
211,"Тебя притягивает к компьютеру 0 байт, 0 65 43 и два нуля Эфир пузыря и немного пороха Вмазать в туал...","Тебя притягивает к компьютеру 0 байт, 0 65 43 и два нуля Эфир пузыря и немного пороха Вмазать в туалете Макдональдса Уважай мою эстетику Хочешь стать похожим Подняться если что поможем Стать Карлсоном и жить на крыше Дышать запахом шишек С тёлкой пышным Её тело как будто дышит На ветру не колышет Она же пышная Купил винишко и немного шишек Какой-то храп вроде слышу Ведь я МС Блёв тусуюсь на крыше. Сейчас в варим гаш По паре крышек для наших Максим Синицын курит клам Comedy Club в хлам И дом 2 то",0.9245216250419617,0.0754784345626831,unnatural,0.9245216250419617
212,"Магистр хип-хапа здесь. Девушки , кто мне сегодня сделает минет за деньги? Москва , Юго-Восток Р-раз...","Магистр хип-хапа здесь. Девушки , кто мне сегодня сделает минет за деньги? Москва , Юго-Восток Р-разденьтесь К нам наконец-то пришло лето 5 эсс , 32 белый Анжелика дает в жопу за белый Я с Серпухова Баста меня тоже знает Три раза в неделю слушает меня, пидорас. Я иду по улице и тоскую Люблю потоскух Стоим такие на кухне Пока жареный петух не клюнет Ты кайфуешь душного Пыталась быть душевной В жопе траншеи Схватил ее за шею Че спиздела перстень?. Хуем резиновым пиздит опездола Хуй завязанный И то",0.6106738448143005,0.38932618498802185,unnatural,0.6106738448143005
213,"Йе, йоу, 158, Нигатив, йоу, Лысый Йоу, Техник, йоу, Борода, Джимми Эскобар Я начинаю, йоу, слушай, п...","Йе, йоу, 158, Нигатив, йоу, Лысый Йоу, Техник, йоу, Борода, Джимми Эскобар Я начинаю, йоу, слушай, парень, йоу, я начинаю. Здарова братцы, что я значу, хороший вопрос Если разобраться, для кого-то я йоу в широких штанах Без капли ума, красные глаза, указательный палец пропитан никотином Ебал я всех, кто во мне кретина видит!. Что я значу, когда в руке дотлеет сплиф Что я значу, когда закончится мотив Что я значу, Что я значу? Что я значу? Что я значу!. Текста, микрофоны, бычки на полу Прожжённые",0.6697027683258057,0.33029723167419434,unnatural,0.6697027683258057
214,"Малафья течет по усам , парень Малафья течет по твоим усикам . Эльдар предлагает вступить в половую ...","Малафья течет по усам , парень Малафья течет по твоим усикам . Эльдар предлагает вступить в половую связь за сим карту Пускай он картавый слегка От пивка пенка на рукавах А у моей подруги малафья на губах Это в простонародье - сперма в жидком состоянии, чувак Это как сосаться на расстоянии , просто запомни на века Это движение ТГК и горло Стрелочник хуже петуха Принимаю парик от Федука На нём кепарик и педали Nike Airmax на ногах С хачами драки на ножах. Эй чувак, где же девчонки? Пора начинать ",0.5102127194404602,0.4897873103618622,unnatural,0.5102127194404602
215,"Ну-ка давай-ка, уёбывай отсюда Россия - для русских Москва - для москвичей А ну-ка давай, уёбывай от...","Ну-ка давай-ка, уёбывай отсюда Россия - для русских Москва - для москвичей А ну-ка давай, уёбывай отсюда. Смотри фокус я на машине — я судебный пристав Электрик по технике на выставке забрал мои трусы, брею усы С вами Блёв MC, привет, я вышел из лексуса Кокаинщик на кожаном кресле, живу весело Ты помнишь рэп на кассете? Он играл на той дискотеке, пока я продавал десятку твоим друзьям Сейчас бы Сталин наседал, он бы оторвал руки нахуй Клевета передавай привет Intigam и Птахе Еду по улице Гашека М",0.34430789947509766,0.6556920409202576,natural,0.6556920409202576
216,"Миша, здравствуй Тебе привет от Насти Кстати, меня скоро пустят по статье, посадят Мусора , мать их ...","Миша, здравствуй Тебе привет от Насти Кстати, меня скоро пустят по статье, посадят Мусора , мать их К счастью, с мамой все нормально Все ровно и все правильно Она уже в ударе, парень И ты там, как правишь? Говорят, хуево кормят Понимаешь, как надо не вьедишь Это норма Для того, чтобы ты вырос солдатом Без мозгов, брат , но мастером работы с лопатой Год копать хуй знает чего Нахуй оно надо Я лучше буду тут, блядей, трахать Покурить, хотя ну его нахуй тоже 228 грозит этой осенью - осторожнее Надо ",0.49363964796066284,0.5063602924346924,natural,0.5063602924346924
217," Хочу , но не сейчас Через пару часиков Ты останешься без трусов, глиномес Папа лени принял по полно..."," Хочу , но не сейчас Через пару часиков Ты останешься без трусов, глиномес Папа лени принял по полной От кайфа поплыл кончой он Если сам ты пиздализ Не делай вид , что завтра будешь глиномес Разруха стереотипов Не гоните беса, пидоры Меня тошнит от этого Не важно , не переживай Психологический кайф Педофилический рай В Голландии признались девочками - неправильно Размутил с картавой Замутил квартиру В чужом теле наводку дала Мы с Вадиком тебя ебать не хотели На свадьбе из фантазии в реальность Т",0.7412539720535278,0.25874602794647217,unnatural,0.7412539720535278
218,"Их злодеяния потрясают своей бессмысленной жестокостью Они преступили не только общечеловеческие, но...","Их злодеяния потрясают своей бессмысленной жестокостью Они преступили не только общечеловеческие, но и законы преступного мира Смысл их преступления.... 158, дядь, с чего начать Можешь в рот взять Пока ты гонял на футбол, твою маму ставили раком Разводил малолеток взять на клыка за последнюю пятихатку Юра ищет портал, а Юля хоронит папу Пока ты гонял на футбол, сука, твою маму ставили на кол Удары американских войск по Ираку Я ставлю Риту раком и включаю музыку Банда на выезде с миссией, а я зак",0.9575413465499878,0.042458679527044296,unnatural,0.9575413465499878
219,"Говорят, жизнь - это хардкор Говорят, жизнь - это хардкор , это хардкор Это хардкор , э-э-э-это хард...","Говорят, жизнь - это хардкор Говорят, жизнь - это хардкор , это хардкор Это хардкор , э-э-э-это хардкор Каркает ворон, как застрявшая конча в горле Контролирую поставки соли в Лефортово, поставки соли Задушил нахуй этого тут же Иногда я бесстыжий В Альпах катался на лыжах Пивко глушили ""Кошелек, или жизнь, пидор?"" Я чищу помидор Часто не хватает на корм Умирает кот Говорят, жизнь - это хардкор  Каркает ворон , ка-ка-ка-каркает ворон  Говорят, жизнь - это хардкор  Говорят, жизнь - это хардкор, эт",0.9853730797767639,0.014626993797719479,unnatural,0.9853730797767639
220,"Исламский пост , христианский крест И пропасть огромная, как порез Унылых сердец Слушающий, да прочи...","Исламский пост , христианский крест И пропасть огромная, как порез Унылых сердец Слушающий, да прочистит уши Ты хочешь , чтоб сам всемогущий пел в твоем ебучем кабаре За это твою книгу жизни забудут в столе Как и твой дешевый присказ Запомни, я призрак Снующий в аллеях Пасущий оленей А это мой молебен Для тех , кто не секет И новых доколений Припасено огниво Эй, братан , подмигни им Помоги им, истукан По-моему ам ба вам проказники Повелители Велит - вандальте митинг Оставьте только дома Чтобы бы",0.987133800983429,0.01286621205508709,unnatural,0.987133800983429
221,"Как бурёнка, как быдлоконик В тачке делаю, короче, тебе две точки всего Ногу, бля, свело В лодке поп...","Как бурёнка, как быдлоконик В тачке делаю, короче, тебе две точки всего Ногу, бля, свело В лодке поплывём А ты в Lacosteах кедах Но к солдатам в джинсах Жи есть, епта. Синицын ловит кайф на старые клипы Телкам он лизал клитор В лифте проебал свой клит, взял себе Dolce Gabbanу Чувствую себя намного проще Неважно, кто мне хуй дрочит Мастурбировать - это не просто С руки в парке я подкормил дрозда Все равно за это придётся ответить мне, братка Ответить мне, братка. Вскоре, как Шаляпин разложил по н",0.959663987159729,0.04033604636788368,unnatural,0.959663987159729
222,"Я мэду не беру Мне за державу обидно. Опять плюх пять ,прошло лет пять Эфир был под радиоволна Все п...","Я мэду не беру Мне за державу обидно. Опять плюх пять ,прошло лет пять Эфир был под радиоволна Все по пять Весна и все таит Скоро накормим Натолкаем , пора вернуть в радиоаппаратуру Микрофон , Шура и пару парашютов С утра пару шуток с сыном Потом Ашота ловить до работы Лаваш с икрой устроил Утроил банк в покере Бабки в портфолио не то Зато отработал золото Контракт , забота Работа моя На ВНДХ по выходным ПДНХ походу я напыхался Обои пахнут , плинтус дышит И сохнут линзы Это слабый раствор лизера",0.7121108174324036,0.28788915276527405,unnatural,0.7121108174324036
223,"Итак, приготовьтесь Сядьте поудобнее Закройте глаза, начали Наш сеанс несколько будет отличаться от ...","Итак, приготовьтесь Сядьте поудобнее Закройте глаза, начали Наш сеанс несколько будет отличаться от того, что было вчера Он будет направлен на то, чтобы помочь вам справиться с заболеваниями сердечно-сосудистой системы Главное не значит, что всем остальным надо уйти от экранов телевизора Нет, всё равно каким бы недугом вы не страдали вы можете сесть, расслабиться и принять этот сеанс",0.505987823009491,0.49401214718818665,unnatural,0.505987823009491
224,"Посвящается Тухлым рэпперам, которые трахаются летом А делать нехуй Кокс белый Дует ветер Что-то при...","Посвящается Тухлым рэпперам, которые трахаются летом А делать нехуй Кокс белый Дует ветер Что-то приход медлит Или рядом мент Зарядим пистолет и пробьём атмосферы Кому какое дело Что мы здесь делаем На улице лето дует ветер Моё кредо беспределит грамотно Въебать прицел висок И на пару баксов опрокинуть А уж под задуло можно и закопать То бишь избавиться от запаха гнили Ведь я не являюсь финном Я не филин я русский У меня лаве не густо Как у Гайки из мультика Чип и Дейл Переход почты на mail Мейл",0.9570373892784119,0.042962588369846344,unnatural,0.9570373892784119
225,"Mastering - Блёв Минус - Блёв Читка - Морев , Блёв Бросать Русский Раритет - такой посёлок Кызыл, сы...","Mastering - Блёв Минус - Блёв Читка - Морев , Блёв Бросать Русский Раритет - такой посёлок Кызыл, сыр Subaru вышли из кадра Я в Леху аи-80 заправляю Горят вкладыши Дыша молчит , Рустам парится Вино, водка, вино, усмехаемся Раздвинутые женские ноги всем нравятся На море море помор В ментах главный мухамор Смотри их под кислотой ой, ой Ой, Бог с тобой, я пустой, а ты ушлая И на ушах, у тебя суши и сушит Впрочем, азарная частушка не всегда бывает забавой Иногда травой, нередко она приобретает и сек",0.9783575534820557,0.02164246328175068,unnatural,0.9783575534820557
226,"А Паша Техник сказал, что писал эту хуйню Блять, блять, слаб, блять умственно Очень сильно слаб. Пос...","А Паша Техник сказал, что писал эту хуйню Блять, блять, слаб, блять умственно Очень сильно слаб. Поставь на репит, Кальмар Рыцарь доспехи пидора Пашок просил передать по-бырому Меня проставили Чистая прибыль магнита Сосала хуй в падике Палёные Louis Vuitton Сиськи, обвисшие На сиськах наколки Получается, по любовь Но не хватает на водку Еблище толстое Тошнотное глаголит истину Так, думает оно действительно Попали на поясницу спермой Пропаленные ресницы сверху. Под Верку Сердючку Уже не танцует Е",0.9406998157501221,0.05930012837052345,unnatural,0.9406998157501221
227,"4 июля, суббота, Москва, клуб Brooklyn Kunteynir, большой концерт, лучшие треки День рождения Паши Т...","4 июля, суббота, Москва, клуб Brooklyn Kunteynir, большой концерт, лучшие треки День рождения Паши Техника При участии : Вити СД, Princip ZM, Цена Смеха, Lucky , Intigam Brooklyn Братка , приходи на концерт У меня др , бро Паши Техника , Kunteynir, приходи сюда , бро Brooklyn. Здесь все малолетки, шкуры, тру Здесь микрофона, шнур не выпускай из рук Пришло время Я накурен и съел труп, сел И иду в Brooklyn , на мне трубы Самка красят губы И идёт к семи туда Ведь это суббота, да, парень Приходи даж",0.9495972394943237,0.050402719527482986,unnatural,0.9495972394943237
228,Можно взять по два и по три Вот пемза - ты ей ноги потри Лекарит писю Полина В пятилитровой канистре...,"Можно взять по два и по три Вот пемза - ты ей ноги потри Лекарит писю Полина В пятилитровой канистре коннина Заблевала салон девятки скотина С мусорами из Урус-Мартана близких Разгрузят на лавэ твоих близких Уминаем твой клитор склизкий Течёт по бороде белая слизь Вот так, мой милый Ага, вот так заебись На вписке думаю, как мобилу скрысить Мою бабу зовут Наргыз Я заусениц со страха отгрыз Вместе с ногтем на правой ноге Помощника депутата Миронова Чувак, мы тебя похороним На хую целлофан от сосис",0.9484888315200806,0.05151117965579033,unnatural,0.9484888315200806
229,"Хочешь мегадоооз, передоооз? Очень, очень, очень много доооз Очень, очень, очень много доооз. Тост; ...","Хочешь мегадоооз, передоооз? Очень, очень, очень много доооз Очень, очень, очень много доооз. Тост; готов налить стакан Поздравляю с праздником Даже если вы мне не рады Это мой стих… стильный рассказ VIP стафф, у нас всегда есть маза Район покруче чем ты знал и видел, брооо Каждый знает, что мой район – Лефортово Остальное здесь покрыто мраком; Терки есть повсюду, но здесь они по правилааам Если хочешь турнуться, послушай меня Стайл–мегатехник накроет тебя Контейнер роз или 20 мегадоз? Эээй, бро",0.4566538333892822,0.5433462262153625,natural,0.5433462262153625
230,"Мое говно под словом - Второй раунд Андеграунд отобрал и выбыл Тридцать два рыла Нет, это не я ебал ...","Мое говно под словом - Второй раунд Андеграунд отобрал и выбыл Тридцать два рыла Нет, это не я ебал B-Real из Cypress Hill Я рили гэнстра, мазафака Ты уличный пес, но я даже не собака и не кошка Крошка открывает волосатое лукошко Ваше ушко ловит динамические басы Асы высокого пилотажа Опять тема , хуйня та жа А может хватит мои мозги ебать , мать их? Очень люблю Ice-Squad и всяких черножопых бать их Кстати, вот такие у хип-хопа головы Биты ломаны, с песни грянул гром Ром, кола, кока-кола Рифмовк",0.4077620506286621,0.5922379493713379,natural,0.5922379493713379
231,"Я очень хочу, чтоб ты вошёл в мою писечку сзади. Шесть метров есть щи есть настоящий суп Как этот зв...","Я очень хочу, чтоб ты вошёл в мою писечку сзади. Шесть метров есть щи есть настоящий суп Как этот звук, который течет по сети Перетекает на ваших ходы Приходит через Winamp, кнопки play запускается Настройки там , сохраняется, переходят в усилки Затем идет в колонки, примочки, еще есть всякие разные Такие, работающие для улучшения чистоты звука А ну-ка, врубай-ка, на всю катушку, этот трек В треке шесть метров, это работоспособность Передвижения внутри сети Скорость закачки модема, цифровая стан",0.4853765070438385,0.5146235227584839,natural,0.5146235227584839
